loss_mode,shot,seed,epoch,train_loss,train_seg_loss,train_disp_loss,lambda_disp,steps,train_case_ids,output_dir
PureCE,4,3,1,1.313984324534734,1.313984324534734,0.5633575717608134,0.0,12,108|224|72|171,D:\Running_Place\PostGraduateProjects\Experiments\PostGraduate\beckbones\BatchSize4\PureCE\shot4\Seed3
PureCE,4,3,2,0.9388429621855418,0.9388429621855418,0.4592497746149699,0.0,12,108|224|72|171,D:\Running_Place\PostGraduateProjects\Experiments\PostGraduate\beckbones\BatchSize4\PureCE\shot4\Seed3
PureCE,4,3,3,0.7431831558545431,0.7431831558545431,0.3755260556936264,0.0,12,108|224|72|171,D:\Running_Place\PostGraduateProjects\Experiments\PostGraduate\beckbones\BatchSize4\PureCE\shot4\Seed3
PureCE,4,3,4,0.6074857115745544,0.6074857115745544,0.25629886736472446,0.0,12,108|224|72|171,D:\Running_Place\PostGraduateProjects\Experiments\PostGraduate\beckbones\BatchSize4\PureCE\shot4\Seed3
PureCE,4,3,5,0.5142495036125183,0.5142495036125183,0.09739686983327071,0.0,12,108|224|72|171,D:\Running_Place\PostGraduateProjects\Experiments\PostGraduate\beckbones\BatchSize4\PureCE\shot4\Seed3
PureCE,4,3,6,0.45799393206834793,0.45799393206834793,0.04919480346143246,0.0,12,108|224|72|171,D:\Running_Place\PostGraduateProjects\Experiments\PostGraduate\beckbones\BatchSize4\PureCE\shot4\Seed3
PureCE,4,3,7,0.4102397883931796,0.4102397883931796,0.037986106549700104,0.0,12,108|224|72|171,D:\Running_Place\PostGraduateProjects\Experiments\PostGraduate\beckbones\BatchSize4\PureCE\shot4\Seed3
PureCE,4,3,8,0.36145950108766556,0.36145950108766556,0.026811144780367613,0.0,12,108|224|72|171,D:\Running_Place\PostGraduateProjects\Experiments\PostGraduate\beckbones\BatchSize4\PureCE\shot4\Seed3
PureCE,4,3,9,0.3229379753271739,0.3229379753271739,0.021502985929449398,0.0,12,108|224|72|171,D:\Running_Place\PostGraduateProjects\Experiments\PostGraduate\beckbones\BatchSize4\PureCE\shot4\Seed3
PureCE,4,3,10,0.28713442136844,0.28713442136844,0.016296137822791934,0.0,12,108|224|72|171,D:\Running_Place\PostGraduateProjects\Experiments\PostGraduate\beckbones\BatchSize4\PureCE\shot4\Seed3
PureCE,4,3,11,0.2590976034601529,0.2590976034601529,0.012908224559699496,0.0,12,108|224|72|171,D:\Running_Place\PostGraduateProjects\Experiments\PostGraduate\beckbones\BatchSize4\PureCE\shot4\Seed3
PureCE,4,3,12,0.23469197625915209,0.23469197625915209,0.011276222144563993,0.0,12,108|224|72|171,D:\Running_Place\PostGraduateProjects\Experiments\PostGraduate\beckbones\BatchSize4\PureCE\shot4\Seed3
PureCE,4,3,13,0.21118441596627235,0.21118441596627235,0.008128818163337806,0.0,12,108|224|72|171,D:\Running_Place\PostGraduateProjects\Experiments\PostGraduate\beckbones\BatchSize4\PureCE\shot4\Seed3
PureCE,4,3,14,0.19351176420847574,0.19351176420847574,0.007286702515557408,0.0,12,108|224|72|171,D:\Running_Place\PostGraduateProjects\Experiments\PostGraduate\beckbones\BatchSize4\PureCE\shot4\Seed3
PureCE,4,3,15,0.18082132438818613,0.18082132438818613,0.007088994180473189,0.0,12,108|224|72|171,D:\Running_Place\PostGraduateProjects\Experiments\PostGraduate\beckbones\BatchSize4\PureCE\shot4\Seed3
PureCE,4,3,16,0.16607840855916342,0.16607840855916342,0.006932237224342923,0.0,12,108|224|72|171,D:\Running_Place\PostGraduateProjects\Experiments\PostGraduate\beckbones\BatchSize4\PureCE\shot4\Seed3
PureCE,4,3,17,0.15490333239237467,0.15490333239237467,0.0059106816770508885,0.0,12,108|224|72|171,D:\Running_Place\PostGraduateProjects\Experiments\PostGraduate\beckbones\BatchSize4\PureCE\shot4\Seed3
PureCE,4,3,18,0.14424403384327888,0.14424403384327888,0.005339309146317343,0.0,12,108|224|72|171,D:\Running_Place\PostGraduateProjects\Experiments\PostGraduate\beckbones\BatchSize4\PureCE\shot4\Seed3
PureCE,4,3,19,0.1369991513590018,0.1369991513590018,0.005484511416094999,0.0,12,108|224|72|171,D:\Running_Place\PostGraduateProjects\Experiments\PostGraduate\beckbones\BatchSize4\PureCE\shot4\Seed3
PureCE,4,3,20,0.12797856330871582,0.12797856330871582,0.004984731882965813,0.0,12,108|224|72|171,D:\Running_Place\PostGraduateProjects\Experiments\PostGraduate\beckbones\BatchSize4\PureCE\shot4\Seed3
PureCE,4,3,21,0.12209065755208333,0.12209065755208333,0.004945207775260012,0.0,12,108|224|72|171,D:\Running_Place\PostGraduateProjects\Experiments\PostGraduate\beckbones\BatchSize4\PureCE\shot4\Seed3
PureCE,4,3,22,0.11431895817319553,0.11431895817319553,0.004863774171099067,0.0,12,108|224|72|171,D:\Running_Place\PostGraduateProjects\Experiments\PostGraduate\beckbones\BatchSize4\PureCE\shot4\Seed3
PureCE,4,3,23,0.1078747808933258,0.1078747808933258,0.004588797203420351,0.0,12,108|224|72|171,D:\Running_Place\PostGraduateProjects\Experiments\PostGraduate\beckbones\BatchSize4\PureCE\shot4\Seed3
PureCE,4,3,24,0.10539906658232212,0.10539906658232212,0.004365841761076202,0.0,12,108|224|72|171,D:\Running_Place\PostGraduateProjects\Experiments\PostGraduate\beckbones\BatchSize4\PureCE\shot4\Seed3
PureCE,4,3,25,0.0994063721348842,0.0994063721348842,0.0044117509775484605,0.0,12,108|224|72|171,D:\Running_Place\PostGraduateProjects\Experiments\PostGraduate\beckbones\BatchSize4\PureCE\shot4\Seed3
PureCE,4,3,26,0.09507912956178188,0.09507912956178188,0.004162525855160008,0.0,12,108|224|72|171,D:\Running_Place\PostGraduateProjects\Experiments\PostGraduate\beckbones\BatchSize4\PureCE\shot4\Seed3
PureCE,4,3,27,0.09127457377811272,0.09127457377811272,0.004032220167573541,0.0,12,108|224|72|171,D:\Running_Place\PostGraduateProjects\Experiments\PostGraduate\beckbones\BatchSize4\PureCE\shot4\Seed3
PureCE,4,3,28,0.08969895914196968,0.08969895914196968,0.0040862216070915265,0.0,12,108|224|72|171,D:\Running_Place\PostGraduateProjects\Experiments\PostGraduate\beckbones\BatchSize4\PureCE\shot4\Seed3
PureCE,4,3,29,0.08851936273276806,0.08851936273276806,0.004584932583384216,0.0,12,108|224|72|171,D:\Running_Place\PostGraduateProjects\Experiments\PostGraduate\beckbones\BatchSize4\PureCE\shot4\Seed3
PureCE,4,3,30,0.08371161110699177,0.08371161110699177,0.00423383687545235,0.0,12,108|224|72|171,D:\Running_Place\PostGraduateProjects\Experiments\PostGraduate\beckbones\BatchSize4\PureCE\shot4\Seed3
PureCE,4,3,31,0.08108154063423474,0.08108154063423474,0.0040458916531254845,0.0,12,108|224|72|171,D:\Running_Place\PostGraduateProjects\Experiments\PostGraduate\beckbones\BatchSize4\PureCE\shot4\Seed3
PureCE,4,3,32,0.0768035842726628,0.0768035842726628,0.0036487429752014577,0.0,12,108|224|72|171,D:\Running_Place\PostGraduateProjects\Experiments\PostGraduate\beckbones\BatchSize4\PureCE\shot4\Seed3
PureCE,4,3,33,0.07263664714992046,0.07263664714992046,0.0034205622117345533,0.0,12,108|224|72|171,D:\Running_Place\PostGraduateProjects\Experiments\PostGraduate\beckbones\BatchSize4\PureCE\shot4\Seed3
PureCE,4,3,34,0.06960741430521011,0.06960741430521011,0.0032947627284253636,0.0,12,108|224|72|171,D:\Running_Place\PostGraduateProjects\Experiments\PostGraduate\beckbones\BatchSize4\PureCE\shot4\Seed3
PureCE,4,3,35,0.06798483865956466,0.06798483865956466,0.0031156848611620567,0.0,12,108|224|72|171,D:\Running_Place\PostGraduateProjects\Experiments\PostGraduate\beckbones\BatchSize4\PureCE\shot4\Seed3
PureCE,4,3,36,0.06742209320267041,0.06742209320267041,0.003267845866503194,0.0,12,108|224|72|171,D:\Running_Place\PostGraduateProjects\Experiments\PostGraduate\beckbones\BatchSize4\PureCE\shot4\Seed3
PureCE,4,3,37,0.06390976657470067,0.06390976657470067,0.003091515323224788,0.0,12,108|224|72|171,D:\Running_Place\PostGraduateProjects\Experiments\PostGraduate\beckbones\BatchSize4\PureCE\shot4\Seed3
PureCE,4,3,38,0.062010520758728184,0.062010520758728184,0.002735956630203873,0.0,12,108|224|72|171,D:\Running_Place\PostGraduateProjects\Experiments\PostGraduate\beckbones\BatchSize4\PureCE\shot4\Seed3
PureCE,4,3,39,0.06124483856062094,0.06124483856062094,0.0029595475837898753,0.0,12,108|224|72|171,D:\Running_Place\PostGraduateProjects\Experiments\PostGraduate\beckbones\BatchSize4\PureCE\shot4\Seed3
PureCE,4,3,40,0.06278312827150027,0.06278312827150027,0.003083141472113008,0.0,12,108|224|72|171,D:\Running_Place\PostGraduateProjects\Experiments\PostGraduate\beckbones\BatchSize4\PureCE\shot4\Seed3
PureCE,4,3,41,0.06133400866140922,0.06133400866140922,0.003250545841486504,0.0,12,108|224|72|171,D:\Running_Place\PostGraduateProjects\Experiments\PostGraduate\beckbones\BatchSize4\PureCE\shot4\Seed3
PureCE,4,3,42,0.06129423218468825,0.06129423218468825,0.0033294805713618794,0.0,12,108|224|72|171,D:\Running_Place\PostGraduateProjects\Experiments\PostGraduate\beckbones\BatchSize4\PureCE\shot4\Seed3
PureCE,4,3,43,0.05900708958506584,0.05900708958506584,0.003155839901107053,0.0,12,108|224|72|171,D:\Running_Place\PostGraduateProjects\Experiments\PostGraduate\beckbones\BatchSize4\PureCE\shot4\Seed3
PureCE,4,3,44,0.05638901672015587,0.05638901672015587,0.003034222909870247,0.0,12,108|224|72|171,D:\Running_Place\PostGraduateProjects\Experiments\PostGraduate\beckbones\BatchSize4\PureCE\shot4\Seed3
PureCE,4,3,45,0.05285291591038307,0.05285291591038307,0.0025068216879541674,0.0,12,108|224|72|171,D:\Running_Place\PostGraduateProjects\Experiments\PostGraduate\beckbones\BatchSize4\PureCE\shot4\Seed3
PureCE,4,3,46,0.0516601816440622,0.0516601816440622,0.0026477169788752994,0.0,12,108|224|72|171,D:\Running_Place\PostGraduateProjects\Experiments\PostGraduate\beckbones\BatchSize4\PureCE\shot4\Seed3
PureCE,4,3,47,0.0520303122078379,0.0520303122078379,0.0026389172417111695,0.0,12,108|224|72|171,D:\Running_Place\PostGraduateProjects\Experiments\PostGraduate\beckbones\BatchSize4\PureCE\shot4\Seed3
PureCE,4,3,48,0.05071563211580118,0.05071563211580118,0.0025437960284762084,0.0,12,108|224|72|171,D:\Running_Place\PostGraduateProjects\Experiments\PostGraduate\beckbones\BatchSize4\PureCE\shot4\Seed3
PureCE,4,3,49,0.048805643493930496,0.048805643493930496,0.0024429136343921223,0.0,12,108|224|72|171,D:\Running_Place\PostGraduateProjects\Experiments\PostGraduate\beckbones\BatchSize4\PureCE\shot4\Seed3
PureCE,4,3,50,0.04628081309298674,0.04628081309298674,0.0022515688518372676,0.0,12,108|224|72|171,D:\Running_Place\PostGraduateProjects\Experiments\PostGraduate\beckbones\BatchSize4\PureCE\shot4\Seed3
PureCE,4,3,51,0.04650526773184538,0.04650526773184538,0.002243014886820068,0.0,12,108|224|72|171,D:\Running_Place\PostGraduateProjects\Experiments\PostGraduate\beckbones\BatchSize4\PureCE\shot4\Seed3
PureCE,4,3,52,0.045411309227347374,0.045411309227347374,0.0023054069412561753,0.0,12,108|224|72|171,D:\Running_Place\PostGraduateProjects\Experiments\PostGraduate\beckbones\BatchSize4\PureCE\shot4\Seed3
PureCE,4,3,53,0.04551990112910668,0.04551990112910668,0.0023063091308965036,0.0,12,108|224|72|171,D:\Running_Place\PostGraduateProjects\Experiments\PostGraduate\beckbones\BatchSize4\PureCE\shot4\Seed3
PureCE,4,3,54,0.04827941178033749,0.04827941178033749,0.002287543087732047,0.0,12,108|224|72|171,D:\Running_Place\PostGraduateProjects\Experiments\PostGraduate\beckbones\BatchSize4\PureCE\shot4\Seed3
PureCE,4,3,55,0.049277990125119686,0.049277990125119686,0.0027891946374438703,0.0,12,108|224|72|171,D:\Running_Place\PostGraduateProjects\Experiments\PostGraduate\beckbones\BatchSize4\PureCE\shot4\Seed3
PureCE,4,3,56,0.046753584407269955,0.046753584407269955,0.002642395488995438,0.0,12,108|224|72|171,D:\Running_Place\PostGraduateProjects\Experiments\PostGraduate\beckbones\BatchSize4\PureCE\shot4\Seed3
PureCE,4,3,57,0.044915392994880676,0.044915392994880676,0.002470757288392633,0.0,12,108|224|72|171,D:\Running_Place\PostGraduateProjects\Experiments\PostGraduate\beckbones\BatchSize4\PureCE\shot4\Seed3
PureCE,4,3,58,0.04263049798707167,0.04263049798707167,0.00246083967310066,0.0,12,108|224|72|171,D:\Running_Place\PostGraduateProjects\Experiments\PostGraduate\beckbones\BatchSize4\PureCE\shot4\Seed3
PureCE,4,3,59,0.040733679197728634,0.040733679197728634,0.002101093385135755,0.0,12,108|224|72|171,D:\Running_Place\PostGraduateProjects\Experiments\PostGraduate\beckbones\BatchSize4\PureCE\shot4\Seed3
PureCE,4,3,60,0.03926922784497341,0.03926922784497341,0.00217187869323728,0.0,12,108|224|72|171,D:\Running_Place\PostGraduateProjects\Experiments\PostGraduate\beckbones\BatchSize4\PureCE\shot4\Seed3
PureCE,4,3,61,0.03843598533421755,0.03843598533421755,0.0018244630773551762,0.0,12,108|224|72|171,D:\Running_Place\PostGraduateProjects\Experiments\PostGraduate\beckbones\BatchSize4\PureCE\shot4\Seed3
PureCE,4,3,62,0.03895910705129305,0.03895910705129305,0.002087393484544009,0.0,12,108|224|72|171,D:\Running_Place\PostGraduateProjects\Experiments\PostGraduate\beckbones\BatchSize4\PureCE\shot4\Seed3
PureCE,4,3,63,0.03733271763970455,0.03733271763970455,0.0018952797884897639,0.0,12,108|224|72|171,D:\Running_Place\PostGraduateProjects\Experiments\PostGraduate\beckbones\BatchSize4\PureCE\shot4\Seed3
PureCE,4,3,64,0.03603210300207138,0.03603210300207138,0.0017659405906063814,0.0,12,108|224|72|171,D:\Running_Place\PostGraduateProjects\Experiments\PostGraduate\beckbones\BatchSize4\PureCE\shot4\Seed3
PureCE,4,3,65,0.035311525066693626,0.035311525066693626,0.0016666265243353944,0.0,12,108|224|72|171,D:\Running_Place\PostGraduateProjects\Experiments\PostGraduate\beckbones\BatchSize4\PureCE\shot4\Seed3
PureCE,4,3,66,0.033962877467274666,0.033962877467274666,0.0016822965117171407,0.0,12,108|224|72|171,D:\Running_Place\PostGraduateProjects\Experiments\PostGraduate\beckbones\BatchSize4\PureCE\shot4\Seed3
PureCE,4,3,67,0.034341272277136646,0.034341272277136646,0.0015538234050230433,0.0,12,108|224|72|171,D:\Running_Place\PostGraduateProjects\Experiments\PostGraduate\beckbones\BatchSize4\PureCE\shot4\Seed3
PureCE,4,3,68,0.03500355097154776,0.03500355097154776,0.0015064184262882918,0.0,12,108|224|72|171,D:\Running_Place\PostGraduateProjects\Experiments\PostGraduate\beckbones\BatchSize4\PureCE\shot4\Seed3
PureCE,4,3,69,0.035433169143895306,0.035433169143895306,0.0017613409048256774,0.0,12,108|224|72|171,D:\Running_Place\PostGraduateProjects\Experiments\PostGraduate\beckbones\BatchSize4\PureCE\shot4\Seed3
PureCE,4,3,70,0.035713693437476955,0.035713693437476955,0.0017441869519340496,0.0,12,108|224|72|171,D:\Running_Place\PostGraduateProjects\Experiments\PostGraduate\beckbones\BatchSize4\PureCE\shot4\Seed3
PureCE,4,3,71,0.03679494404544433,0.03679494404544433,0.0020397122813543924,0.0,12,108|224|72|171,D:\Running_Place\PostGraduateProjects\Experiments\PostGraduate\beckbones\BatchSize4\PureCE\shot4\Seed3
PureCE,4,3,72,0.03346635028719902,0.03346635028719902,0.0015959592516689252,0.0,12,108|224|72|171,D:\Running_Place\PostGraduateProjects\Experiments\PostGraduate\beckbones\BatchSize4\PureCE\shot4\Seed3
PureCE,4,3,73,0.03244983855014046,0.03244983855014046,0.0016741343133617193,0.0,12,108|224|72|171,D:\Running_Place\PostGraduateProjects\Experiments\PostGraduate\beckbones\BatchSize4\PureCE\shot4\Seed3
PureCE,4,3,74,0.03254337143152952,0.03254337143152952,0.0016420740673008065,0.0,12,108|224|72|171,D:\Running_Place\PostGraduateProjects\Experiments\PostGraduate\beckbones\BatchSize4\PureCE\shot4\Seed3
PureCE,4,3,75,0.03155172166104118,0.03155172166104118,0.0016504423886847992,0.0,12,108|224|72|171,D:\Running_Place\PostGraduateProjects\Experiments\PostGraduate\beckbones\BatchSize4\PureCE\shot4\Seed3
PureCE,4,3,76,0.030387654900550842,0.030387654900550842,0.0013753845366106059,0.0,12,108|224|72|171,D:\Running_Place\PostGraduateProjects\Experiments\PostGraduate\beckbones\BatchSize4\PureCE\shot4\Seed3
PureCE,4,3,77,0.0315630747936666,0.0315630747936666,0.0015524052238712709,0.0,12,108|224|72|171,D:\Running_Place\PostGraduateProjects\Experiments\PostGraduate\beckbones\BatchSize4\PureCE\shot4\Seed3
PureCE,4,3,78,0.03039507195353508,0.03039507195353508,0.0015505876993605245,0.0,12,108|224|72|171,D:\Running_Place\PostGraduateProjects\Experiments\PostGraduate\beckbones\BatchSize4\PureCE\shot4\Seed3
PureCE,4,3,79,0.02899389776090781,0.02899389776090781,0.0013143855903763324,0.0,12,108|224|72|171,D:\Running_Place\PostGraduateProjects\Experiments\PostGraduate\beckbones\BatchSize4\PureCE\shot4\Seed3
PureCE,4,3,80,0.02824465154359738,0.02824465154359738,0.0014240070789431532,0.0,12,108|224|72|171,D:\Running_Place\PostGraduateProjects\Experiments\PostGraduate\beckbones\BatchSize4\PureCE\shot4\Seed3
PureCE,4,3,81,0.0285704480484128,0.0285704480484128,0.0013604767833991598,0.0,12,108|224|72|171,D:\Running_Place\PostGraduateProjects\Experiments\PostGraduate\beckbones\BatchSize4\PureCE\shot4\Seed3
PureCE,4,3,82,0.028104033165921766,0.028104033165921766,0.0011883581949708362,0.0,12,108|224|72|171,D:\Running_Place\PostGraduateProjects\Experiments\PostGraduate\beckbones\BatchSize4\PureCE\shot4\Seed3
PureCE,4,3,83,0.027492666617035866,0.027492666617035866,0.0014089512696955353,0.0,12,108|224|72|171,D:\Running_Place\PostGraduateProjects\Experiments\PostGraduate\beckbones\BatchSize4\PureCE\shot4\Seed3
PureCE,4,3,84,0.027708181956162054,0.027708181956162054,0.0011953829962294549,0.0,12,108|224|72|171,D:\Running_Place\PostGraduateProjects\Experiments\PostGraduate\beckbones\BatchSize4\PureCE\shot4\Seed3
PureCE,4,3,85,0.02659719530493021,0.02659719530493021,0.0012507932406151667,0.0,12,108|224|72|171,D:\Running_Place\PostGraduateProjects\Experiments\PostGraduate\beckbones\BatchSize4\PureCE\shot4\Seed3
PureCE,4,3,86,0.02565361854309837,0.02565361854309837,0.00126759951429752,0.0,12,108|224|72|171,D:\Running_Place\PostGraduateProjects\Experiments\PostGraduate\beckbones\BatchSize4\PureCE\shot4\Seed3
PureCE,4,3,87,0.02534668520092964,0.02534668520092964,0.0011959009571000934,0.0,12,108|224|72|171,D:\Running_Place\PostGraduateProjects\Experiments\PostGraduate\beckbones\BatchSize4\PureCE\shot4\Seed3
PureCE,4,3,88,0.02510134596377611,0.02510134596377611,0.0010665132673845317,0.0,12,108|224|72|171,D:\Running_Place\PostGraduateProjects\Experiments\PostGraduate\beckbones\BatchSize4\PureCE\shot4\Seed3
PureCE,4,3,89,0.024664187338203192,0.024664187338203192,0.0010673644622632612,0.0,12,108|224|72|171,D:\Running_Place\PostGraduateProjects\Experiments\PostGraduate\beckbones\BatchSize4\PureCE\shot4\Seed3
PureCE,4,3,90,0.023977259794871014,0.023977259794871014,0.001069912890670821,0.0,12,108|224|72|171,D:\Running_Place\PostGraduateProjects\Experiments\PostGraduate\beckbones\BatchSize4\PureCE\shot4\Seed3
PureCE,4,3,91,0.023309472172210615,0.023309472172210615,0.0009701336675789207,0.0,12,108|224|72|171,D:\Running_Place\PostGraduateProjects\Experiments\PostGraduate\beckbones\BatchSize4\PureCE\shot4\Seed3
PureCE,4,3,92,0.023810865202297766,0.023810865202297766,0.001029629570742448,0.0,12,108|224|72|171,D:\Running_Place\PostGraduateProjects\Experiments\PostGraduate\beckbones\BatchSize4\PureCE\shot4\Seed3
PureCE,4,3,93,0.025398881174623966,0.025398881174623966,0.0009773789449051644,0.0,12,108|224|72|171,D:\Running_Place\PostGraduateProjects\Experiments\PostGraduate\beckbones\BatchSize4\PureCE\shot4\Seed3
PureCE,4,3,94,0.02513574343174696,0.02513574343174696,0.0011658953153528273,0.0,12,108|224|72|171,D:\Running_Place\PostGraduateProjects\Experiments\PostGraduate\beckbones\BatchSize4\PureCE\shot4\Seed3
PureCE,4,3,95,0.02595294297983249,0.02595294297983249,0.0011472225645168994,0.0,12,108|224|72|171,D:\Running_Place\PostGraduateProjects\Experiments\PostGraduate\beckbones\BatchSize4\PureCE\shot4\Seed3
PureCE,4,3,96,0.024686978664249182,0.024686978664249182,0.0011274734570179135,0.0,12,108|224|72|171,D:\Running_Place\PostGraduateProjects\Experiments\PostGraduate\beckbones\BatchSize4\PureCE\shot4\Seed3
PureCE,4,3,97,0.024201372483124334,0.024201372483124334,0.0010823885483356814,0.0,12,108|224|72|171,D:\Running_Place\PostGraduateProjects\Experiments\PostGraduate\beckbones\BatchSize4\PureCE\shot4\Seed3
PureCE,4,3,98,0.023720854117224615,0.023720854117224615,0.0011331526329740882,0.0,12,108|224|72|171,D:\Running_Place\PostGraduateProjects\Experiments\PostGraduate\beckbones\BatchSize4\PureCE\shot4\Seed3
PureCE,4,3,99,0.02276320771003763,0.02276320771003763,0.0009791072758768375,0.0,12,108|224|72|171,D:\Running_Place\PostGraduateProjects\Experiments\PostGraduate\beckbones\BatchSize4\PureCE\shot4\Seed3
PureCE,4,3,100,0.023141547261426847,0.023141547261426847,0.0010566992471770693,0.0,12,108|224|72|171,D:\Running_Place\PostGraduateProjects\Experiments\PostGraduate\beckbones\BatchSize4\PureCE\shot4\Seed3
PureCE,4,3,101,0.02169675814608733,0.02169675814608733,0.0010402195233230789,0.0,12,108|224|72|171,D:\Running_Place\PostGraduateProjects\Experiments\PostGraduate\beckbones\BatchSize4\PureCE\shot4\Seed3
PureCE,4,3,102,0.021299022405097883,0.021299022405097883,0.0009636928977367157,0.0,12,108|224|72|171,D:\Running_Place\PostGraduateProjects\Experiments\PostGraduate\beckbones\BatchSize4\PureCE\shot4\Seed3
PureCE,4,3,103,0.020385798687736194,0.020385798687736194,0.0008809139690129086,0.0,12,108|224|72|171,D:\Running_Place\PostGraduateProjects\Experiments\PostGraduate\beckbones\BatchSize4\PureCE\shot4\Seed3
PureCE,4,3,104,0.019914097618311644,0.019914097618311644,0.0008471872958277041,0.0,12,108|224|72|171,D:\Running_Place\PostGraduateProjects\Experiments\PostGraduate\beckbones\BatchSize4\PureCE\shot4\Seed3
PureCE,4,3,105,0.021120501526941855,0.021120501526941855,0.000841690717303815,0.0,12,108|224|72|171,D:\Running_Place\PostGraduateProjects\Experiments\PostGraduate\beckbones\BatchSize4\PureCE\shot4\Seed3
PureCE,4,3,106,0.020092585124075413,0.020092585124075413,0.0008369794425865015,0.0,12,108|224|72|171,D:\Running_Place\PostGraduateProjects\Experiments\PostGraduate\beckbones\BatchSize4\PureCE\shot4\Seed3
PureCE,4,3,107,0.019492259714752436,0.019492259714752436,0.0008411589466656247,0.0,12,108|224|72|171,D:\Running_Place\PostGraduateProjects\Experiments\PostGraduate\beckbones\BatchSize4\PureCE\shot4\Seed3
PureCE,4,3,108,0.01892011271168788,0.01892011271168788,0.0007617287434792767,0.0,12,108|224|72|171,D:\Running_Place\PostGraduateProjects\Experiments\PostGraduate\beckbones\BatchSize4\PureCE\shot4\Seed3
PureCE,4,3,109,0.018669286432365578,0.018669286432365578,0.0007607779698446393,0.0,12,108|224|72|171,D:\Running_Place\PostGraduateProjects\Experiments\PostGraduate\beckbones\BatchSize4\PureCE\shot4\Seed3
PureCE,4,3,110,0.018637485181291897,0.018637485181291897,0.0007981364227210482,0.0,12,108|224|72|171,D:\Running_Place\PostGraduateProjects\Experiments\PostGraduate\beckbones\BatchSize4\PureCE\shot4\Seed3
PureCE,4,3,111,0.019509434544791777,0.019509434544791777,0.0007764873056051632,0.0,12,108|224|72|171,D:\Running_Place\PostGraduateProjects\Experiments\PostGraduate\beckbones\BatchSize4\PureCE\shot4\Seed3
PureCE,4,3,112,0.022246869125713904,0.022246869125713904,0.0008057693145625914,0.0,12,108|224|72|171,D:\Running_Place\PostGraduateProjects\Experiments\PostGraduate\beckbones\BatchSize4\PureCE\shot4\Seed3
PureCE,4,3,113,0.021442255626122158,0.021442255626122158,0.0009545587672619149,0.0,12,108|224|72|171,D:\Running_Place\PostGraduateProjects\Experiments\PostGraduate\beckbones\BatchSize4\PureCE\shot4\Seed3
PureCE,4,3,114,0.020099072561909754,0.020099072561909754,0.0008533931007453551,0.0,12,108|224|72|171,D:\Running_Place\PostGraduateProjects\Experiments\PostGraduate\beckbones\BatchSize4\PureCE\shot4\Seed3
PureCE,4,3,115,0.019460723735392094,0.019460723735392094,0.0007628547852315629,0.0,12,108|224|72|171,D:\Running_Place\PostGraduateProjects\Experiments\PostGraduate\beckbones\BatchSize4\PureCE\shot4\Seed3
PureCE,4,3,116,0.01884667280440529,0.01884667280440529,0.0008065111954541256,0.0,12,108|224|72|171,D:\Running_Place\PostGraduateProjects\Experiments\PostGraduate\beckbones\BatchSize4\PureCE\shot4\Seed3
PureCE,4,3,117,0.01898915475855271,0.01898915475855271,0.0007904073281679302,0.0,12,108|224|72|171,D:\Running_Place\PostGraduateProjects\Experiments\PostGraduate\beckbones\BatchSize4\PureCE\shot4\Seed3
PureCE,4,3,118,0.019191501196473837,0.019191501196473837,0.0007646925999627759,0.0,12,108|224|72|171,D:\Running_Place\PostGraduateProjects\Experiments\PostGraduate\beckbones\BatchSize4\PureCE\shot4\Seed3
PureCE,4,3,119,0.01999439935510357,0.01999439935510357,0.0008453075521780798,0.0,12,108|224|72|171,D:\Running_Place\PostGraduateProjects\Experiments\PostGraduate\beckbones\BatchSize4\PureCE\shot4\Seed3
PureCE,4,3,120,0.019893766846507788,0.019893766846507788,0.0008123126317514107,0.0,12,108|224|72|171,D:\Running_Place\PostGraduateProjects\Experiments\PostGraduate\beckbones\BatchSize4\PureCE\shot4\Seed3
PureCE,4,3,121,0.01937053243940075,0.01937053243940075,0.0008545049786334857,0.0,12,108|224|72|171,D:\Running_Place\PostGraduateProjects\Experiments\PostGraduate\beckbones\BatchSize4\PureCE\shot4\Seed3
PureCE,4,3,122,0.021864982321858406,0.021864982321858406,0.0009156020047763983,0.0,12,108|224|72|171,D:\Running_Place\PostGraduateProjects\Experiments\PostGraduate\beckbones\BatchSize4\PureCE\shot4\Seed3
PureCE,4,3,123,0.02251431376983722,0.02251431376983722,0.001068861684567916,0.0,12,108|224|72|171,D:\Running_Place\PostGraduateProjects\Experiments\PostGraduate\beckbones\BatchSize4\PureCE\shot4\Seed3
PureCE,4,3,124,0.019010939945777256,0.019010939945777256,0.000932615109680531,0.0,12,108|224|72|171,D:\Running_Place\PostGraduateProjects\Experiments\PostGraduate\beckbones\BatchSize4\PureCE\shot4\Seed3
PureCE,4,3,125,0.016633704227084916,0.016633704227084916,0.0007820713265876597,0.0,12,108|224|72|171,D:\Running_Place\PostGraduateProjects\Experiments\PostGraduate\beckbones\BatchSize4\PureCE\shot4\Seed3
PureCE,4,3,126,0.01597729790955782,0.01597729790955782,0.0007390574925617935,0.0,12,108|224|72|171,D:\Running_Place\PostGraduateProjects\Experiments\PostGraduate\beckbones\BatchSize4\PureCE\shot4\Seed3
PureCE,4,3,127,0.015614354517310858,0.015614354517310858,0.0007068082923069596,0.0,12,108|224|72|171,D:\Running_Place\PostGraduateProjects\Experiments\PostGraduate\beckbones\BatchSize4\PureCE\shot4\Seed3
PureCE,4,3,128,0.015385387931019068,0.015385387931019068,0.0006655719140932584,0.0,12,108|224|72|171,D:\Running_Place\PostGraduateProjects\Experiments\PostGraduate\beckbones\BatchSize4\PureCE\shot4\Seed3
PureCE,4,3,129,0.014756248875831565,0.014756248875831565,0.0005748181574745104,0.0,12,108|224|72|171,D:\Running_Place\PostGraduateProjects\Experiments\PostGraduate\beckbones\BatchSize4\PureCE\shot4\Seed3
PureCE,4,3,130,0.014260786585509777,0.014260786585509777,0.0005598512337504266,0.0,12,108|224|72|171,D:\Running_Place\PostGraduateProjects\Experiments\PostGraduate\beckbones\BatchSize4\PureCE\shot4\Seed3
PureCE,4,3,131,0.013651025636742512,0.013651025636742512,0.0005344092326898439,0.0,12,108|224|72|171,D:\Running_Place\PostGraduateProjects\Experiments\PostGraduate\beckbones\BatchSize4\PureCE\shot4\Seed3
PureCE,4,3,132,0.014180466144656142,0.014180466144656142,0.0005064101715106517,0.0,12,108|224|72|171,D:\Running_Place\PostGraduateProjects\Experiments\PostGraduate\beckbones\BatchSize4\PureCE\shot4\Seed3
PureCE,4,3,133,0.015027574418733517,0.015027574418733517,0.0005037516845429005,0.0,12,108|224|72|171,D:\Running_Place\PostGraduateProjects\Experiments\PostGraduate\beckbones\BatchSize4\PureCE\shot4\Seed3
PureCE,4,3,134,0.01479422797759374,0.01479422797759374,0.0005669736541070355,0.0,12,108|224|72|171,D:\Running_Place\PostGraduateProjects\Experiments\PostGraduate\beckbones\BatchSize4\PureCE\shot4\Seed3
PureCE,4,3,135,0.014106299495324492,0.014106299495324492,0.0004990511151845567,0.0,12,108|224|72|171,D:\Running_Place\PostGraduateProjects\Experiments\PostGraduate\beckbones\BatchSize4\PureCE\shot4\Seed3
PureCE,4,3,136,0.014661487812797228,0.014661487812797228,0.0005194466430111788,0.0,12,108|224|72|171,D:\Running_Place\PostGraduateProjects\Experiments\PostGraduate\beckbones\BatchSize4\PureCE\shot4\Seed3
PureCE,4,3,137,0.014547808018202582,0.014547808018202582,0.000523398928635288,0.0,12,108|224|72|171,D:\Running_Place\PostGraduateProjects\Experiments\PostGraduate\beckbones\BatchSize4\PureCE\shot4\Seed3
PureCE,4,3,138,0.014263284703095755,0.014263284703095755,0.0005407392891356722,0.0,12,108|224|72|171,D:\Running_Place\PostGraduateProjects\Experiments\PostGraduate\beckbones\BatchSize4\PureCE\shot4\Seed3
PureCE,4,3,139,0.014331698572884003,0.014331698572884003,0.0004936621456484621,0.0,12,108|224|72|171,D:\Running_Place\PostGraduateProjects\Experiments\PostGraduate\beckbones\BatchSize4\PureCE\shot4\Seed3
PureCE,4,3,140,0.0151836514317741,0.0151836514317741,0.0004904519155388698,0.0,12,108|224|72|171,D:\Running_Place\PostGraduateProjects\Experiments\PostGraduate\beckbones\BatchSize4\PureCE\shot4\Seed3
PureCE,4,3,141,0.014019227431466183,0.014019227431466183,0.00048732372185137746,0.0,12,108|224|72|171,D:\Running_Place\PostGraduateProjects\Experiments\PostGraduate\beckbones\BatchSize4\PureCE\shot4\Seed3
PureCE,4,3,142,0.013743738255773982,0.013743738255773982,0.0004969282381352969,0.0,12,108|224|72|171,D:\Running_Place\PostGraduateProjects\Experiments\PostGraduate\beckbones\BatchSize4\PureCE\shot4\Seed3
PureCE,4,3,143,0.013464418550332388,0.013464418550332388,0.00045407079354239005,0.0,12,108|224|72|171,D:\Running_Place\PostGraduateProjects\Experiments\PostGraduate\beckbones\BatchSize4\PureCE\shot4\Seed3
PureCE,4,3,144,0.012487941654399037,0.012487941654399037,0.0004327644819568377,0.0,12,108|224|72|171,D:\Running_Place\PostGraduateProjects\Experiments\PostGraduate\beckbones\BatchSize4\PureCE\shot4\Seed3
PureCE,4,3,145,0.012680754298344254,0.012680754298344254,0.00042721134862707305,0.0,12,108|224|72|171,D:\Running_Place\PostGraduateProjects\Experiments\PostGraduate\beckbones\BatchSize4\PureCE\shot4\Seed3
PureCE,4,3,146,0.012826125758389631,0.012826125758389631,0.0003874589965562336,0.0,12,108|224|72|171,D:\Running_Place\PostGraduateProjects\Experiments\PostGraduate\beckbones\BatchSize4\PureCE\shot4\Seed3
PureCE,4,3,147,0.012996558876087269,0.012996558876087269,0.0003949411063028189,0.0,12,108|224|72|171,D:\Running_Place\PostGraduateProjects\Experiments\PostGraduate\beckbones\BatchSize4\PureCE\shot4\Seed3
PureCE,4,3,148,0.01312165311537683,0.01312165311537683,0.00045183436789860326,0.0,12,108|224|72|171,D:\Running_Place\PostGraduateProjects\Experiments\PostGraduate\beckbones\BatchSize4\PureCE\shot4\Seed3
PureCE,4,3,149,0.012831726965184012,0.012831726965184012,0.00043265442703462514,0.0,12,108|224|72|171,D:\Running_Place\PostGraduateProjects\Experiments\PostGraduate\beckbones\BatchSize4\PureCE\shot4\Seed3
PureCE,4,3,150,0.01209831020484368,0.01209831020484368,0.0004101797870437925,0.0,12,108|224|72|171,D:\Running_Place\PostGraduateProjects\Experiments\PostGraduate\beckbones\BatchSize4\PureCE\shot4\Seed3
PureCE,4,3,151,0.012464662548154593,0.012464662548154593,0.0004134141975858559,0.0,12,108|224|72|171,D:\Running_Place\PostGraduateProjects\Experiments\PostGraduate\beckbones\BatchSize4\PureCE\shot4\Seed3
PureCE,4,3,152,0.012359955115243793,0.012359955115243793,0.0003649921224374945,0.0,12,108|224|72|171,D:\Running_Place\PostGraduateProjects\Experiments\PostGraduate\beckbones\BatchSize4\PureCE\shot4\Seed3
PureCE,4,3,153,0.012521157429243127,0.012521157429243127,0.0004110453082830645,0.0,12,108|224|72|171,D:\Running_Place\PostGraduateProjects\Experiments\PostGraduate\beckbones\BatchSize4\PureCE\shot4\Seed3
PureCE,4,3,154,0.013031722512096167,0.013031722512096167,0.0004153793415753171,0.0,12,108|224|72|171,D:\Running_Place\PostGraduateProjects\Experiments\PostGraduate\beckbones\BatchSize4\PureCE\shot4\Seed3
PureCE,4,3,155,0.014131521340459585,0.014131521340459585,0.00042145285988226533,0.0,12,108|224|72|171,D:\Running_Place\PostGraduateProjects\Experiments\PostGraduate\beckbones\BatchSize4\PureCE\shot4\Seed3
PureCE,4,3,156,0.01304306307186683,0.01304306307186683,0.0004378559679025784,0.0,12,108|224|72|171,D:\Running_Place\PostGraduateProjects\Experiments\PostGraduate\beckbones\BatchSize4\PureCE\shot4\Seed3
PureCE,4,3,157,0.01255748801243802,0.01255748801243802,0.000405552066998401,0.0,12,108|224|72|171,D:\Running_Place\PostGraduateProjects\Experiments\PostGraduate\beckbones\BatchSize4\PureCE\shot4\Seed3
PureCE,4,3,158,0.015034156075368324,0.015034156075368324,0.00044972915687443066,0.0,12,108|224|72|171,D:\Running_Place\PostGraduateProjects\Experiments\PostGraduate\beckbones\BatchSize4\PureCE\shot4\Seed3
PureCE,4,3,159,0.019767804614578683,0.019767804614578683,0.0006185848348347159,0.0,12,108|224|72|171,D:\Running_Place\PostGraduateProjects\Experiments\PostGraduate\beckbones\BatchSize4\PureCE\shot4\Seed3
PureCE,4,3,160,0.01971551061918338,0.01971551061918338,0.0008508209818198035,0.0,12,108|224|72|171,D:\Running_Place\PostGraduateProjects\Experiments\PostGraduate\beckbones\BatchSize4\PureCE\shot4\Seed3
PureCE,4,3,161,0.016769568513457973,0.016769568513457973,0.0007586956247299289,0.0,12,108|224|72|171,D:\Running_Place\PostGraduateProjects\Experiments\PostGraduate\beckbones\BatchSize4\PureCE\shot4\Seed3
PureCE,4,3,162,0.01377919246442616,0.01377919246442616,0.0006776055161026306,0.0,12,108|224|72|171,D:\Running_Place\PostGraduateProjects\Experiments\PostGraduate\beckbones\BatchSize4\PureCE\shot4\Seed3
PureCE,4,3,163,0.01296589057892561,0.01296589057892561,0.0005656044522766024,0.0,12,108|224|72|171,D:\Running_Place\PostGraduateProjects\Experiments\PostGraduate\beckbones\BatchSize4\PureCE\shot4\Seed3
PureCE,4,3,164,0.01205990269469718,0.01205990269469718,0.0005143765374668874,0.0,12,108|224|72|171,D:\Running_Place\PostGraduateProjects\Experiments\PostGraduate\beckbones\BatchSize4\PureCE\shot4\Seed3
PureCE,4,3,165,0.011336947791278362,0.011336947791278362,0.0004709876423779254,0.0,12,108|224|72|171,D:\Running_Place\PostGraduateProjects\Experiments\PostGraduate\beckbones\BatchSize4\PureCE\shot4\Seed3
PureCE,4,3,166,0.011335798461611072,0.011335798461611072,0.0004252374419593252,0.0,12,108|224|72|171,D:\Running_Place\PostGraduateProjects\Experiments\PostGraduate\beckbones\BatchSize4\PureCE\shot4\Seed3
PureCE,4,3,167,0.010694313095882535,0.010694313095882535,0.0003890309938772892,0.0,12,108|224|72|171,D:\Running_Place\PostGraduateProjects\Experiments\PostGraduate\beckbones\BatchSize4\PureCE\shot4\Seed3
PureCE,4,3,168,0.009858370409347117,0.009858370409347117,0.0003201228792022448,0.0,12,108|224|72|171,D:\Running_Place\PostGraduateProjects\Experiments\PostGraduate\beckbones\BatchSize4\PureCE\shot4\Seed3
PureCE,4,3,169,0.009273955132812262,0.009273955132812262,0.00030380108607156825,0.0,12,108|224|72|171,D:\Running_Place\PostGraduateProjects\Experiments\PostGraduate\beckbones\BatchSize4\PureCE\shot4\Seed3
PureCE,4,3,170,0.008805360101784268,0.008805360101784268,0.00026446926373561536,0.0,12,108|224|72|171,D:\Running_Place\PostGraduateProjects\Experiments\PostGraduate\beckbones\BatchSize4\PureCE\shot4\Seed3
PureCE,4,3,171,0.008840405809072157,0.008840405809072157,0.0002442164586682338,0.0,12,108|224|72|171,D:\Running_Place\PostGraduateProjects\Experiments\PostGraduate\beckbones\BatchSize4\PureCE\shot4\Seed3
PureCE,4,3,172,0.00879669600787262,0.00879669600787262,0.0002319918348803185,0.0,12,108|224|72|171,D:\Running_Place\PostGraduateProjects\Experiments\PostGraduate\beckbones\BatchSize4\PureCE\shot4\Seed3
PureCE,4,3,173,0.008682206156663597,0.008682206156663597,0.00022954833305751285,0.0,12,108|224|72|171,D:\Running_Place\PostGraduateProjects\Experiments\PostGraduate\beckbones\BatchSize4\PureCE\shot4\Seed3
PureCE,4,3,174,0.008581387422357997,0.008581387422357997,0.00021774050643822798,0.0,12,108|224|72|171,D:\Running_Place\PostGraduateProjects\Experiments\PostGraduate\beckbones\BatchSize4\PureCE\shot4\Seed3
PureCE,4,3,175,0.009610832901671529,0.009610832901671529,0.00022603352166091403,0.0,12,108|224|72|171,D:\Running_Place\PostGraduateProjects\Experiments\PostGraduate\beckbones\BatchSize4\PureCE\shot4\Seed3
PureCE,4,3,176,0.010676912187288204,0.010676912187288204,0.00024723356424753246,0.0,12,108|224|72|171,D:\Running_Place\PostGraduateProjects\Experiments\PostGraduate\beckbones\BatchSize4\PureCE\shot4\Seed3
PureCE,4,3,177,0.010802710894495249,0.010802710894495249,0.000275685506494483,0.0,12,108|224|72|171,D:\Running_Place\PostGraduateProjects\Experiments\PostGraduate\beckbones\BatchSize4\PureCE\shot4\Seed3
PureCE,4,3,178,0.010167295268426338,0.010167295268426338,0.00024296978517668322,0.0,12,108|224|72|171,D:\Running_Place\PostGraduateProjects\Experiments\PostGraduate\beckbones\BatchSize4\PureCE\shot4\Seed3
PureCE,4,3,179,0.0102459827127556,0.0102459827127556,0.0002915691269057182,0.0,12,108|224|72|171,D:\Running_Place\PostGraduateProjects\Experiments\PostGraduate\beckbones\BatchSize4\PureCE\shot4\Seed3
PureCE,4,3,180,0.009621336745719114,0.009621336745719114,0.00025201130119967274,0.0,12,108|224|72|171,D:\Running_Place\PostGraduateProjects\Experiments\PostGraduate\beckbones\BatchSize4\PureCE\shot4\Seed3
PureCE,4,3,181,0.010097549374525746,0.010097549374525746,0.00025810658795914304,0.0,12,108|224|72|171,D:\Running_Place\PostGraduateProjects\Experiments\PostGraduate\beckbones\BatchSize4\PureCE\shot4\Seed3
PureCE,4,3,182,0.009521905177583298,0.009521905177583298,0.0002715265388057257,0.0,12,108|224|72|171,D:\Running_Place\PostGraduateProjects\Experiments\PostGraduate\beckbones\BatchSize4\PureCE\shot4\Seed3
PureCE,4,3,183,0.009156756879140934,0.009156756879140934,0.0002554372282853971,0.0,12,108|224|72|171,D:\Running_Place\PostGraduateProjects\Experiments\PostGraduate\beckbones\BatchSize4\PureCE\shot4\Seed3
PureCE,4,3,184,0.022957959057142336,0.022957959057142336,0.0005117497833756109,0.0,12,108|224|72|171,D:\Running_Place\PostGraduateProjects\Experiments\PostGraduate\beckbones\BatchSize4\PureCE\shot4\Seed3
PureCE,4,3,185,0.021888956582794588,0.021888956582794588,0.0005774918633202711,0.0,12,108|224|72|171,D:\Running_Place\PostGraduateProjects\Experiments\PostGraduate\beckbones\BatchSize4\PureCE\shot4\Seed3
PureCE,4,3,186,0.01822593528777361,0.01822593528777361,0.0007719623584610721,0.0,12,108|224|72|171,D:\Running_Place\PostGraduateProjects\Experiments\PostGraduate\beckbones\BatchSize4\PureCE\shot4\Seed3
PureCE,4,3,187,0.014393622133259973,0.014393622133259973,0.0006060525289891908,0.0,12,108|224|72|171,D:\Running_Place\PostGraduateProjects\Experiments\PostGraduate\beckbones\BatchSize4\PureCE\shot4\Seed3
PureCE,4,3,188,0.011793096161757907,0.011793096161757907,0.0005203536444848093,0.0,12,108|224|72|171,D:\Running_Place\PostGraduateProjects\Experiments\PostGraduate\beckbones\BatchSize4\PureCE\shot4\Seed3
PureCE,4,3,189,0.010710251207153002,0.010710251207153002,0.00046123451708505553,0.0,12,108|224|72|171,D:\Running_Place\PostGraduateProjects\Experiments\PostGraduate\beckbones\BatchSize4\PureCE\shot4\Seed3
PureCE,4,3,190,0.009288401110097766,0.009288401110097766,0.00039021568712390337,0.0,12,108|224|72|171,D:\Running_Place\PostGraduateProjects\Experiments\PostGraduate\beckbones\BatchSize4\PureCE\shot4\Seed3
PureCE,4,3,191,0.008805782068520784,0.008805782068520784,0.0003204596687282901,0.0,12,108|224|72|171,D:\Running_Place\PostGraduateProjects\Experiments\PostGraduate\beckbones\BatchSize4\PureCE\shot4\Seed3
PureCE,4,3,192,0.008790789210858444,0.008790789210858444,0.00028078604736947455,0.0,12,108|224|72|171,D:\Running_Place\PostGraduateProjects\Experiments\PostGraduate\beckbones\BatchSize4\PureCE\shot4\Seed3
PureCE,4,3,193,0.008538007697400948,0.008538007697400948,0.00028648439547396265,0.0,12,108|224|72|171,D:\Running_Place\PostGraduateProjects\Experiments\PostGraduate\beckbones\BatchSize4\PureCE\shot4\Seed3
PureCE,4,3,194,0.008001504349522293,0.008001504349522293,0.0002654402427045473,0.0,12,108|224|72|171,D:\Running_Place\PostGraduateProjects\Experiments\PostGraduate\beckbones\BatchSize4\PureCE\shot4\Seed3
PureCE,4,3,195,0.008035944192670286,0.008035944192670286,0.0002400335688435007,0.0,12,108|224|72|171,D:\Running_Place\PostGraduateProjects\Experiments\PostGraduate\beckbones\BatchSize4\PureCE\shot4\Seed3
PureCE,4,3,196,0.008269976863327125,0.008269976863327125,0.00023822448686890615,0.0,12,108|224|72|171,D:\Running_Place\PostGraduateProjects\Experiments\PostGraduate\beckbones\BatchSize4\PureCE\shot4\Seed3
PureCE,4,3,197,0.00790140125900507,0.00790140125900507,0.0002339716156711802,0.0,12,108|224|72|171,D:\Running_Place\PostGraduateProjects\Experiments\PostGraduate\beckbones\BatchSize4\PureCE\shot4\Seed3
PureCE,4,3,198,0.007380077188524107,0.007380077188524107,0.00019550263702209728,0.0,12,108|224|72|171,D:\Running_Place\PostGraduateProjects\Experiments\PostGraduate\beckbones\BatchSize4\PureCE\shot4\Seed3
PureCE,4,3,199,0.007249817562599977,0.007249817562599977,0.00017599534051745044,0.0,12,108|224|72|171,D:\Running_Place\PostGraduateProjects\Experiments\PostGraduate\beckbones\BatchSize4\PureCE\shot4\Seed3
PureCE,4,3,200,0.007082133321091533,0.007082133321091533,0.00017280033231751682,0.0,12,108|224|72|171,D:\Running_Place\PostGraduateProjects\Experiments\PostGraduate\beckbones\BatchSize4\PureCE\shot4\Seed3
