method,labeled_cases_per_class,seed,epoch,steps,lambda_u,ema_alpha,train_loss,supervised_loss,ce_loss,dice_loss,consistency_loss,labeled_slice_count,unlabeled_slice_count,run_dir
MeanTeacher,1,0,1,180,0.008624700856245927,0.99,0.39842962419821154,0.3976016835620006,0.14315717370352812,0.5088890203999148,0.0959964231794907,92,1438,/rds/general/user/hs225/home/TTA_Project_runs/Research/ResUNet34_params/Patient1/Seed0
MeanTeacher,1,0,2,180,0.010970998366931477,0.99,0.12138806945747799,0.12126823075943523,0.011717245463902752,0.21910197080837357,0.0109232908502842,92,1438,/rds/general/user/hs225/home/TTA_Project_runs/Research/ResUNet34_params/Patient1/Seed0
MeanTeacher,1,0,3,180,0.013868641425911234,0.99,0.0826683470668892,0.0826224205808507,0.0053422973361901115,0.15456024619440237,0.0033115240195507392,92,1438,/rds/general/user/hs225/home/TTA_Project_runs/Research/ResUNet34_params/Patient1/Seed0
MeanTeacher,1,0,4,180,0.017422374639493515,0.99,0.06803076383657754,0.06799310914551218,0.0033837707764986487,0.12921867728647257,0.002161279101468002,92,1438,/rds/general/user/hs225/home/TTA_Project_runs/Research/ResUNet34_params/Patient1/Seed0
MeanTeacher,1,0,5,180,0.021750359344450344,0.99,0.06095077059386919,0.06090893369788925,0.0024220941468633505,0.11697367943512897,0.0019234921676494802,92,1438,/rds/general/user/hs225/home/TTA_Project_runs/Research/ResUNet34_params/Patient1/Seed0
MeanTeacher,1,0,6,180,0.026984301715802485,0.99,0.04980194133046704,0.04975938262262692,0.000361947249216933,0.09879487059855213,0.0015771707962913852,92,1438,/rds/general/user/hs225/home/TTA_Project_runs/Research/ResUNet34_params/Patient1/Seed0
MeanTeacher,1,0,7,180,0.0332691412775071,0.99,0.04965501693271411,0.04960042353680668,0.0003237506506088216,0.09855334597393973,0.001640964921292228,92,1438,/rds/general/user/hs225/home/TTA_Project_runs/Research/ResUNet34_params/Patient1/Seed0
MeanTeacher,1,0,8,180,0.04076220397836621,0.99,0.04841204055378007,0.048348965717984055,9.31732714282892e-05,0.09651158490386377,0.0015473861257002377,92,1438,/rds/general/user/hs225/home/TTA_Project_runs/Research/ResUNet34_params/Patient1/Seed0
MeanTeacher,1,0,9,180,0.049631726627101705,0.99,0.07563133199453458,0.07548775240591366,0.00768434235962761,0.13560682036073154,0.002892898033476538,92,1438,/rds/general/user/hs225/home/TTA_Project_runs/Research/ResUNet34_params/Patient1/Seed0
MeanTeacher,1,0,10,180,0.060054667895307945,0.99,0.05850599353046467,0.05839321574118609,0.0022517078341075425,0.11228301582288824,0.0018779183951361726,92,1438,/rds/general/user/hs225/home/TTA_Project_runs/Research/ResUNet34_params/Patient1/Seed0
MeanTeacher,1,0,11,180,0.07221373613511059,0.99,0.04798609763577891,0.04787336234359019,0.00013263200150201253,0.09548146063009173,0.001561131429237624,92,1438,/rds/general/user/hs225/home/TTA_Project_runs/Research/ResUNet34_params/Patient1/Seed0
MeanTeacher,1,0,12,180,0.08629358649937054,0.99,0.04767914897286876,0.04754653930124025,5.1895861007425185e-05,0.09498928708554659,0.0015367255665801672,92,1438,/rds/general/user/hs225/home/TTA_Project_runs/Research/ResUNet34_params/Patient1/Seed0
MeanTeacher,1,0,13,180,0.10247616951201168,0.99,0.04661425454671391,0.04646936913421895,3.551025705140394e-05,0.09286771767963525,0.0014138454089536229,92,1438,/rds/general/user/hs225/home/TTA_Project_runs/Research/ResUNet34_params/Patient1/Seed0
MeanTeacher,1,0,14,180,0.12093525007041664,0.99,0.0473167123581839,0.047165231602088575,2.3820980691703476e-05,0.09428282118784005,0.0012525762631816584,92,1438,/rds/general/user/hs225/home/TTA_Project_runs/Research/ResUNet34_params/Patient1/Seed0
MeanTeacher,1,0,15,180,0.14183015908734253,0.99,0.047073754112675996,0.04690309611566287,2.357504446687623e-05,0.09375904271696021,0.0012032565250087322,92,1438,/rds/general/user/hs225/home/TTA_Project_runs/Research/ResUNet34_params/Patient1/Seed0
MeanTeacher,1,0,16,180,0.16529888822158656,0.99,0.04691447433999403,0.04672608119435608,1.6206977610030055e-05,0.09341974844331465,0.0011397112479446352,92,1438,/rds/general/user/hs225/home/TTA_Project_runs/Research/ResUNet34_params/Patient1/Seed0
MeanTeacher,1,0,17,180,0.19145068942395502,0.99,0.055617444858782825,0.055295335687696935,0.0022871190702163503,0.10601643330107133,0.0016824649242658375,92,1438,/rds/general/user/hs225/home/TTA_Project_runs/Research/ResUNet34_params/Patient1/Seed0
MeanTeacher,1,0,18,180,0.2203583927832338,0.99,0.053883266335793045,0.053527329524351644,0.001148226704986478,0.10475820546918031,0.0016152625774136847,92,1438,/rds/general/user/hs225/home/TTA_Project_runs/Research/ResUNet34_params/Patient1/Seed0
MeanTeacher,1,0,19,180,0.2520507053511909,0.99,0.048169369747241335,0.04791326612854997,2.2187559498989788e-05,0.09578215730273061,0.0010160800978256804,92,1438,/rds/general/user/hs225/home/TTA_Project_runs/Research/ResUNet34_params/Patient1/Seed0
MeanTeacher,1,0,20,180,0.2865047968601901,0.99,0.04810347804612118,0.04784475161626081,1.4474263778336332e-05,0.09566055477092353,0.0009030440526354747,92,1438,/rds/general/user/hs225/home/TTA_Project_runs/Research/ResUNet34_params/Patient1/Seed0
MeanTeacher,1,0,21,180,0.32363951196500207,0.99,0.04786834768836141,0.04758364080031849,1.229224520910874e-05,0.09514269733659199,0.0008797043387959194,92,1438,/rds/general/user/hs225/home/TTA_Project_runs/Research/ResUNet34_params/Patient1/Seed0
MeanTeacher,1,0,22,180,0.36330956935901126,0.99,0.047034537246023925,0.04675179846207256,9.929495397247795e-06,0.0934837376633368,0.0007782313574150773,92,1438,/rds/general/user/hs225/home/TTA_Project_runs/Research/ResUNet34_params/Patient1/Seed0
MeanTeacher,1,0,23,180,0.40530111269102076,0.99,0.0472674748921741,0.046972102251028346,9.044642603031308e-06,0.09392611525901076,0.0007287731633469877,92,1438,/rds/general/user/hs225/home/TTA_Project_runs/Research/ResUNet34_params/Patient1/Seed0
MeanTeacher,1,0,24,180,0.44932896411722156,0.99,0.04749817122501554,0.04719977316057743,9.208093800023359e-06,0.09438113041162272,0.0006640968860463343,92,1438,/rds/general/user/hs225/home/TTA_Project_runs/Research/ResUNet34_params/Patient1/Seed0
MeanTeacher,1,0,25,180,0.4950358969261986,0.99,0.04771085275400158,0.047406736249932795,6.307064351555406e-06,0.09480085851032022,0.0006143320237040624,92,1438,/rds/general/user/hs225/home/TTA_Project_runs/Research/ResUNet34_params/Patient1/Seed0
MeanTeacher,1,0,26,180,0.5419941884591871,0.99,0.047883814465442105,0.047528434747437134,7.513471973652486e-06,0.09504184243455206,0.0006556895074027125,92,1438,/rds/general/user/hs225/home/TTA_Project_runs/Research/ResUNet34_params/Patient1/Seed0
MeanTeacher,1,0,27,180,0.5897096393006395,0.99,0.049231838101857446,0.048702556628106526,0.0005729792886237799,0.09625915507042211,0.0008975292061222717,92,1438,/rds/general/user/hs225/home/TTA_Project_runs/Research/ResUNet34_params/Patient1/Seed0
MeanTeacher,1,0,28,180,0.6376281516217732,0.99,0.059952062902286544,0.05862561850937911,0.0029835853125405264,0.1112840663376523,0.002080278837820515,92,1438,/rds/general/user/hs225/home/TTA_Project_runs/Research/ResUNet34_params/Patient1/Seed0
MeanTeacher,1,0,29,180,0.6851448522064273,0.99,0.04803194739037685,0.04748191127695867,1.6702809347811532e-05,0.09493041736835342,0.0008028027790714986,92,1438,/rds/general/user/hs225/home/TTA_Project_runs/Research/ResUNet34_params/Patient1/Seed0
MeanTeacher,1,0,30,180,0.7316156289466418,0.99,0.048589923458995245,0.04812849703614322,9.844354629725179e-06,0.09623730540810761,0.0006306951166253485,92,1438,/rds/general/user/hs225/home/TTA_Project_runs/Research/ResUNet34_params/Patient1/Seed0
MeanTeacher,1,0,31,180,0.7763708294044125,0.99,0.04715001408832096,0.046717461467152235,7.827104996572922e-06,0.09341926903151843,0.0005571470872382633,92,1438,/rds/general/user/hs225/home/TTA_Project_runs/Research/ResUNet34_params/Patient1/Seed0
MeanTeacher,1,0,32,180,0.8187307530779819,0.99,0.04783869909782273,0.047397332397445605,6.266567355497601e-06,0.09478213157971267,0.0005390863828425709,92,1438,/rds/general/user/hs225/home/TTA_Project_runs/Research/ResUNet34_params/Patient1/Seed0
MeanTeacher,1,0,33,180,0.8580224623000264,0.99,0.04757600364876756,0.047156128969254495,5.237767975864295e-06,0.09430178296974595,0.0004893513816770994,92,1438,/rds/general/user/hs225/home/TTA_Project_runs/Research/ResUNet34_params/Patient1/Seed0
MeanTeacher,1,0,34,180,0.8935973471085157,0.99,0.0474278513156201,0.047036067930962926,4.902716097553316e-06,0.09406233007721312,0.0004384341130692822,92,1438,/rds/general/user/hs225/home/TTA_Project_runs/Research/ResUNet34_params/Patient1/Seed0
MeanTeacher,1,0,35,180,0.9248488132162048,0.99,0.04775543981538956,0.04730779142537358,1.633157985199634e-05,0.094582920212027,0.00048402347060295546,92,1438,/rds/general/user/hs225/home/TTA_Project_runs/Research/ResUNet34_params/Patient1/Seed0
MeanTeacher,1,0,36,180,0.951229424500714,0.99,0.04767624559139626,0.047118245668308294,4.237983016411009e-05,0.09415173117381023,0.000586609312126206,92,1438,/rds/general/user/hs225/home/TTA_Project_runs/Research/ResUNet34_params/Patient1/Seed0
MeanTeacher,1,0,37,180,0.9722668258518644,0.99,0.048050156827472774,0.04745458069511288,4.319832147656497e-05,0.09482276490735886,0.0006125645489697086,92,1438,/rds/general/user/hs225/home/TTA_Project_runs/Research/ResUNet34_params/Patient1/Seed0
MeanTeacher,1,0,38,180,0.9875778004938814,0.99,0.049554211323427605,0.048784126859674065,0.00028386550614969665,0.09700052285770652,0.0007797708914343578,92,1438,/rds/general/user/hs225/home/TTA_Project_runs/Research/ResUNet34_params/Patient1/Seed0
MeanTeacher,1,0,39,180,0.9968798777302081,0.99,0.054604938534450614,0.053456896814653494,0.0015928442778860902,0.10372810463644176,0.0011516350025582748,92,1438,/rds/general/user/hs225/home/TTA_Project_runs/Research/ResUNet34_params/Patient1/Seed0
MeanTeacher,1,0,40,180,1.0,0.99,0.0474503931919268,0.0469381209001262,7.558222318948538e-06,0.09386112577554337,0.0005122724080542362,92,1438,/rds/general/user/hs225/home/TTA_Project_runs/Research/ResUNet34_params/Patient1/Seed0
MeanTeacher,1,0,41,180,1.0,0.999,0.04741615247783355,0.046913522991983175,4.164895152472228e-06,0.09381871588399614,0.0005026293777013457,92,1438,/rds/general/user/hs225/home/TTA_Project_runs/Research/ResUNet34_params/Patient1/Seed0
MeanTeacher,1,0,42,180,1.0,0.999,0.04769841538953996,0.04724962933004362,3.060408353879514e-06,0.09449313752104192,0.0004487860972100558,92,1438,/rds/general/user/hs225/home/TTA_Project_runs/Research/ResUNet34_params/Patient1/Seed0
MeanTeacher,1,0,43,180,1.0,0.999,0.047532946339763134,0.04713031149071362,2.609917371248432e-06,0.09425540344329622,0.00040263500458321584,92,1438,/rds/general/user/hs225/home/TTA_Project_runs/Research/ResUNet34_params/Patient1/Seed0
MeanTeacher,1,0,44,180,1.0,0.999,0.04710520665911544,0.046778856723216855,1.975063507744481e-06,0.09355376345568706,0.0003263499325031363,92,1438,/rds/general/user/hs225/home/TTA_Project_runs/Research/ResUNet34_params/Patient1/Seed0
MeanTeacher,1,0,45,180,1.0,0.999,0.04655323131001852,0.04613828075726916,1.51861793044519e-05,0.09224618932783213,0.00041495052763720094,92,1438,/rds/general/user/hs225/home/TTA_Project_runs/Research/ResUNet34_params/Patient1/Seed0
MeanTeacher,1,0,46,180,1.0,0.999,0.04750921522103858,0.04701710314307598,3.2922213399110153e-06,0.09402762155435387,0.0004921119432563299,92,1438,/rds/general/user/hs225/home/TTA_Project_runs/Research/ResUNet34_params/Patient1/Seed0
MeanTeacher,1,0,47,180,1.0,0.999,0.04778506673093135,0.047264659717964404,6.145947016812493e-06,0.09451702732485501,0.0005204068786244736,92,1438,/rds/general/user/hs225/home/TTA_Project_runs/Research/ResUNet34_params/Patient1/Seed0
MeanTeacher,1,0,48,180,1.0,0.999,0.047588005311424944,0.04713815647731078,5.072892494379428e-06,0.09426616746950459,0.0004498487889779628,92,1438,/rds/general/user/hs225/home/TTA_Project_runs/Research/ResUNet34_params/Patient1/Seed0
MeanTeacher,1,0,49,180,1.0,0.999,0.04784920460175878,0.047478362219873005,3.7682398540381556e-06,0.09494918780070899,0.0003708423084592343,92,1438,/rds/general/user/hs225/home/TTA_Project_runs/Research/ResUNet34_params/Patient1/Seed0
MeanTeacher,1,0,50,180,1.0,0.999,0.0475354733876884,0.04723710837877459,1.933561922050507e-06,0.09447034934742583,0.0002983649633178073,92,1438,/rds/general/user/hs225/home/TTA_Project_runs/Research/ResUNet34_params/Patient1/Seed0
MeanTeacher,1,0,51,180,1.0,0.999,0.047175307654187135,0.04689491535681959,3.075307156071479e-06,0.09378368047385569,0.0002803923854015819,92,1438,/rds/general/user/hs225/home/TTA_Project_runs/Research/ResUNet34_params/Patient1/Seed0
MeanTeacher,1,0,52,180,1.0,0.999,0.04759670351551096,0.04734800694829776,1.0306136325589755e-06,0.0946939526747681,0.00024869654334906953,92,1438,/rds/general/user/hs225/home/TTA_Project_runs/Research/ResUNet34_params/Patient1/Seed0
MeanTeacher,1,0,53,180,1.0,0.999,0.04790746789399741,0.047693710974469165,8.781417242352695e-07,0.09538566512923252,0.00021375692759748846,92,1438,/rds/general/user/hs225/home/TTA_Project_runs/Research/ResUNet34_params/Patient1/Seed0
MeanTeacher,1,0,54,180,1.0,0.999,0.047671900809978573,0.04746261555062069,9.426457575993178e-07,0.0949233459378623,0.00020928554351687327,92,1438,/rds/general/user/hs225/home/TTA_Project_runs/Research/ResUNet34_params/Patient1/Seed0
MeanTeacher,1,0,55,180,1.0,0.999,0.06338164611960463,0.06171084062635196,0.0037995758836605847,0.11582252873082931,0.001670805520714364,92,1438,/rds/general/user/hs225/home/TTA_Project_runs/Research/ResUNet34_params/Patient1/Seed0
MeanTeacher,1,0,56,180,1.0,0.999,0.049875753993142605,0.048346511289168524,0.0002386094277653683,0.09621580336040804,0.0015292426018277184,92,1438,/rds/general/user/hs225/home/TTA_Project_runs/Research/ResUNet34_params/Patient1/Seed0
MeanTeacher,1,0,57,180,1.0,0.999,0.048354281578212976,0.04753067819401622,1.0143869906187319e-05,0.09504106862263548,0.0008236033753039212,92,1438,/rds/general/user/hs225/home/TTA_Project_runs/Research/ResUNet34_params/Patient1/Seed0
MeanTeacher,1,0,58,180,1.0,0.999,0.047791332522562395,0.04715267376615076,5.7834883326298344e-06,0.09429378058379775,0.0006386585530385168,92,1438,/rds/general/user/hs225/home/TTA_Project_runs/Research/ResUNet34_params/Patient1/Seed0
MeanTeacher,1,0,59,180,1.0,0.999,0.04750139103869312,0.04702156162702522,3.956532960576927e-06,0.09403521048807306,0.0004798293887385322,92,1438,/rds/general/user/hs225/home/TTA_Project_runs/Research/ResUNet34_params/Patient1/Seed0
MeanTeacher,1,0,60,180,1.0,0.999,0.047632328775216594,0.047244045294019085,2.517392704880371e-06,0.09448305546423702,0.00038828342492504617,92,1438,/rds/general/user/hs225/home/TTA_Project_runs/Research/ResUNet34_params/Patient1/Seed0
MeanTeacher,1,0,61,180,1.0,0.999,0.04746896447654257,0.04712580984900746,2.306972852908176e-06,0.0942470059558117,0.0003431546990112919,92,1438,/rds/general/user/hs225/home/TTA_Project_runs/Research/ResUNet34_params/Patient1/Seed0
MeanTeacher,1,0,62,180,1.0,0.999,0.046982116801761245,0.046660693881929345,2.019346757088493e-06,0.09331734936560881,0.00032142298114195,92,1438,/rds/general/user/hs225/home/TTA_Project_runs/Research/ResUNet34_params/Patient1/Seed0
MeanTeacher,1,0,63,180,1.0,0.999,0.04751565410503342,0.047235988329905214,1.7430943090504216e-06,0.09446849019999111,0.00027966542778206835,92,1438,/rds/general/user/hs225/home/TTA_Project_runs/Research/ResUNet34_params/Patient1/Seed0
MeanTeacher,1,0,64,180,1.0,0.999,0.047612323948204804,0.04734936093540859,1.3178328389231967e-06,0.094696086307148,0.0002629628876295303,92,1438,/rds/general/user/hs225/home/TTA_Project_runs/Research/ResUNet34_params/Patient1/Seed0
MeanTeacher,1,0,65,180,1.0,0.999,0.04748393073306134,0.047232950797640824,1.2461879368035826e-06,0.09446340907647431,0.00025097979485306295,92,1438,/rds/general/user/hs225/home/TTA_Project_runs/Research/ResUNet34_params/Patient1/Seed0
MeanTeacher,1,0,66,180,1.0,0.999,0.047819905257428116,0.04758049394738716,1.3390182346029177e-06,0.09515830975857777,0.00023941107307715961,92,1438,/rds/general/user/hs225/home/TTA_Project_runs/Research/ResUNet34_params/Patient1/Seed0
MeanTeacher,1,0,67,180,1.0,0.999,0.047000658752990095,0.046769622413262366,1.5184667895419402e-06,0.09353620777671191,0.00023103634222126047,92,1438,/rds/general/user/hs225/home/TTA_Project_runs/Research/ResUNet34_params/Patient1/Seed0
MeanTeacher,1,0,68,180,1.0,0.999,0.0474500458307173,0.04723140645509274,1.394746389375238e-06,0.09446002342918594,0.0002186394990632026,92,1438,/rds/general/user/hs225/home/TTA_Project_runs/Research/ResUNet34_params/Patient1/Seed0
MeanTeacher,1,0,69,180,1.0,0.999,0.04791947468466889,0.04769657211211577,1.8832970116338603e-06,0.09538937794677117,0.00022290241463957097,92,1438,/rds/general/user/hs225/home/TTA_Project_runs/Research/ResUNet34_params/Patient1/Seed0
MeanTeacher,1,0,70,180,1.0,0.999,0.047502137971079925,0.0472993851838156,2.4756216110056863e-05,0.0945492579292679,0.000202753010004623,92,1438,/rds/general/user/hs225/home/TTA_Project_runs/Research/ResUNet34_params/Patient1/Seed0
MeanTeacher,1,0,71,180,1.0,0.999,0.05380825036716285,0.05296621559124712,0.0016764689350086176,0.10257949322977866,0.0008420347854553256,92,1438,/rds/general/user/hs225/home/TTA_Project_runs/Research/ResUNet34_params/Patient1/Seed0
MeanTeacher,1,0,72,180,1.0,0.999,0.04715223191322164,0.046679781466819906,4.646998734693221e-06,0.09335026918353025,0.00047245036314254524,92,1438,/rds/general/user/hs225/home/TTA_Project_runs/Research/ResUNet34_params/Patient1/Seed0
MeanTeacher,1,0,73,180,1.0,0.999,0.04726741073528602,0.046692817613484296,7.4769044829281485e-06,0.09337068174647559,0.0005745930627098359,92,1438,/rds/general/user/hs225/home/TTA_Project_runs/Research/ResUNet34_params/Patient1/Seed0
MeanTeacher,1,0,74,180,1.0,0.999,0.04735117738180432,0.04700467451131469,1.742414035435205e-06,0.09400586398942323,0.00034650288067091927,92,1438,/rds/general/user/hs225/home/TTA_Project_runs/Research/ResUNet34_params/Patient1/Seed0
MeanTeacher,1,0,75,180,1.0,0.999,0.047447821888272304,0.0471210212611772,1.9155154505925665e-06,0.09423821113879159,0.0003268005109324198,92,1438,/rds/general/user/hs225/home/TTA_Project_runs/Research/ResUNet34_params/Patient1/Seed0
MeanTeacher,1,0,76,180,1.0,0.999,0.04780117602171635,0.047272563453518365,9.25972659457683e-06,0.09452660734338375,0.0005286125312623981,92,1438,/rds/general/user/hs225/home/TTA_Project_runs/Research/ResUNet34_params/Patient1/Seed0
MeanTeacher,1,0,77,180,1.0,0.999,0.048052740312939726,0.0475869043972226,2.5549497013659878e-06,0.09516869919315367,0.0004658359269039162,92,1438,/rds/general/user/hs225/home/TTA_Project_runs/Research/ResUNet34_params/Patient1/Seed0
MeanTeacher,1,0,78,180,1.0,0.999,0.047671182942495866,0.04734765359516789,1.375105946029483e-06,0.09469255729825615,0.00032352946097186455,92,1438,/rds/general/user/hs225/home/TTA_Project_runs/Research/ResUNet34_params/Patient1/Seed0
MeanTeacher,1,0,79,180,1.0,0.999,0.04712992597123957,0.046782796518032736,3.933751416538042e-06,0.09355772525365057,0.0003471295340002851,92,1438,/rds/general/user/hs225/home/TTA_Project_runs/Research/ResUNet34_params/Patient1/Seed0
MeanTeacher,1,0,80,180,1.0,0.999,0.047665012901416046,0.04745937578505214,6.319113481367822e-07,0.0949174877739602,0.00020563719810727182,92,1438,/rds/general/user/hs225/home/TTA_Project_runs/Research/ResUNet34_params/Patient1/Seed0
MeanTeacher,1,0,81,180,1.0,0.999,0.047291646090848696,0.04711092190291184,5.161610720468464e-07,0.0942208114942812,0.000180724339871732,92,1438,/rds/general/user/hs225/home/TTA_Project_runs/Research/ResUNet34_params/Patient1/Seed0
MeanTeacher,1,0,82,180,1.0,0.999,0.04692558209531449,0.04676317715795398,4.459462554488406e-07,0.09352546234928368,0.00016240491254898695,92,1438,/rds/general/user/hs225/home/TTA_Project_runs/Research/ResUNet34_params/Patient1/Seed0
MeanTeacher,1,0,83,180,1.0,0.999,0.047499317818276016,0.047341479754416264,4.369913657203344e-07,0.09468208548649071,0.00015783814697998525,92,1438,/rds/general/user/hs225/home/TTA_Project_runs/Research/ResUNet34_params/Patient1/Seed0
MeanTeacher,1,0,84,180,1.0,0.999,0.047029167560807154,0.046879860888469065,7.004406419418451e-07,0.09375832100856517,0.0001493067209392191,92,1438,/rds/general/user/hs225/home/TTA_Project_runs/Research/ResUNet34_params/Patient1/Seed0
MeanTeacher,1,0,85,180,1.0,0.999,0.047485568030384055,0.047341044110249995,4.190262950645421e-07,0.0946812500211561,0.00014452392772202276,92,1438,/rds/general/user/hs225/home/TTA_Project_runs/Research/ResUNet34_params/Patient1/Seed0
MeanTeacher,1,0,86,180,1.0,0.999,0.04770791548894016,0.04757190214442567,3.6595856529844344e-07,0.09514307228642388,0.00013601329855090526,92,1438,/rds/general/user/hs225/home/TTA_Project_runs/Research/ResUNet34_params/Patient1/Seed0
MeanTeacher,1,0,87,180,1.0,0.999,0.04771223140835193,0.04757294838594438,7.931665051962176e-07,0.09514431055912004,0.00013928303635819047,92,1438,/rds/general/user/hs225/home/TTA_Project_runs/Research/ResUNet34_params/Patient1/Seed0
MeanTeacher,1,0,88,180,1.0,0.999,0.04867009817270526,0.048408625557159565,0.00032819345634378135,0.09616086435221152,0.0002614725427621225,92,1438,/rds/general/user/hs225/home/TTA_Project_runs/Research/ResUNet34_params/Patient1/Seed0
MeanTeacher,1,0,89,180,1.0,0.999,0.05148667453645935,0.050713755942484166,0.0008880245825095143,0.09965146265830198,0.0007729184263250015,92,1438,/rds/general/user/hs225/home/TTA_Project_runs/Research/ResUNet34_params/Patient1/Seed0
MeanTeacher,1,0,90,180,1.0,0.999,0.04727775615158154,0.046892124735081274,2.2399696509485998e-06,0.0937797694847379,0.0003856312468997203,92,1438,/rds/general/user/hs225/home/TTA_Project_runs/Research/ResUNet34_params/Patient1/Seed0
MeanTeacher,1,0,91,180,1.0,0.999,0.04787910294277632,0.04757885451765813,1.2645875426326509e-06,0.09515517994217489,0.0003002486178350713,92,1438,/rds/general/user/hs225/home/TTA_Project_runs/Research/ResUNet34_params/Patient1/Seed0
MeanTeacher,1,0,92,180,1.0,0.999,0.04749196693139513,0.047229181545309175,9.468097429829767e-07,0.094456469536706,0.00026278527244964306,92,1438,/rds/general/user/hs225/home/TTA_Project_runs/Research/ResUNet34_params/Patient1/Seed0
MeanTeacher,1,0,93,180,1.0,0.999,0.04688645081854095,0.046650068854268686,8.711934629306799e-07,0.09329839570935089,0.00023638182796680162,92,1438,/rds/general/user/hs225/home/TTA_Project_runs/Research/ResUNet34_params/Patient1/Seed0
MeanTeacher,1,0,94,180,1.0,0.999,0.0471864018199186,0.04699492157994882,6.425525471500906e-07,0.09398855842928241,0.00019148006407097758,92,1438,/rds/general/user/hs225/home/TTA_Project_runs/Research/ResUNet34_params/Patient1/Seed0
MeanTeacher,1,0,95,180,1.0,0.999,0.04754005796009248,0.04734188472460674,7.911358805598765e-07,0.09468218749739712,0.00019817307105161793,92,1438,/rds/general/user/hs225/home/TTA_Project_runs/Research/ResUNet34_params/Patient1/Seed0
MeanTeacher,1,0,96,180,1.0,0.999,0.04684030265982276,0.0465158815134651,0.00025410070366381395,0.09252356193632699,0.00032442119999258367,92,1438,/rds/general/user/hs225/home/TTA_Project_runs/Research/ResUNet34_params/Patient1/Seed0
MeanTeacher,1,0,97,180,1.0,0.999,0.04991956517333165,0.04783415049383216,0.0029062567107404095,0.08985578741428779,0.0020854146827736664,92,1438,/rds/general/user/hs225/home/TTA_Project_runs/Research/ResUNet34_params/Patient1/Seed0
MeanTeacher,1,0,98,180,1.0,0.999,0.03859829322318546,0.037376115168444815,0.00047433832617874334,0.07380355353218167,0.0012221781038937883,92,1438,/rds/general/user/hs225/home/TTA_Project_runs/Research/ResUNet34_params/Patient1/Seed0
MeanTeacher,1,0,99,180,1.0,0.999,0.025142691981616533,0.023429223729181103,0.0033292040921676543,0.0402000393692611,0.001713468264723714,92,1438,/rds/general/user/hs225/home/TTA_Project_runs/Research/ResUNet34_params/Patient1/Seed0
MeanTeacher,1,0,100,180,1.0,0.999,0.01173410069055131,0.009839549637076239,0.002117537092918711,0.015444025123077963,0.0018945510900165471,92,1438,/rds/general/user/hs225/home/TTA_Project_runs/Research/ResUNet34_params/Patient1/Seed0
MeanTeacher,1,0,101,180,1.0,0.999,0.0017888415727712627,0.0006202276082654458,0.0001588100906398419,0.0009228350365042894,0.0011686139657588986,92,1438,/rds/general/user/hs225/home/TTA_Project_runs/Research/ResUNet34_params/Patient1/Seed0
MeanTeacher,1,0,102,180,1.0,0.999,0.0010051484969961974,0.0001505125489832911,4.016051376664917e-05,0.0002207040716813127,0.0008546359442536616,92,1438,/rds/general/user/hs225/home/TTA_Project_runs/Research/ResUNet34_params/Patient1/Seed0
MeanTeacher,1,0,103,180,1.0,0.999,0.0008072385730176595,0.00010915875198204755,2.525284354469982e-05,0.0001678118185938931,0.0006980798199947458,92,1438,/rds/general/user/hs225/home/TTA_Project_runs/Research/ResUNet34_params/Patient1/Seed0
MeanTeacher,1,0,104,180,1.0,0.999,0.0006296791860626803,5.8963582745895516e-05,1.2315179207512807e-05,9.329680751761771e-05,0.0005707156009318877,92,1438,/rds/general/user/hs225/home/TTA_Project_runs/Research/ResUNet34_params/Patient1/Seed0
MeanTeacher,1,0,105,180,1.0,0.999,0.0005494712530991011,4.62319436438621e-05,7.590692848048598e-06,7.728250157015281e-05,0.0005032393096674544,92,1438,/rds/general/user/hs225/home/TTA_Project_runs/Research/ResUNet34_params/Patient1/Seed0
MeanTeacher,1,0,106,180,1.0,0.999,0.0004933686960511194,3.346776468081063e-05,4.56676832590751e-06,5.7801992412957284e-05,0.00045990093304782125,92,1438,/rds/general/user/hs225/home/TTA_Project_runs/Research/ResUNet34_params/Patient1/Seed0
MeanTeacher,1,0,107,180,1.0,0.999,0.00044106318899947737,3.156415245434295e-05,4.407399350093833e-06,5.431350620912983e-05,0.00040949903527184183,92,1438,/rds/general/user/hs225/home/TTA_Project_runs/Research/ResUNet34_params/Patient1/Seed0
MeanTeacher,1,0,108,180,1.0,0.999,0.000406621327824218,2.1822686797653053e-05,2.688974447235321e-06,3.826742473494152e-05,0.0003847986422543828,92,1438,/rds/general/user/hs225/home/TTA_Project_runs/Research/ResUNet34_params/Patient1/Seed0
MeanTeacher,1,0,109,180,1.0,0.999,0.0003790559604466479,2.1058331251171896e-05,2.9871750326846165e-06,3.614231238518389e-05,0.0003579976287760979,92,1438,/rds/general/user/hs225/home/TTA_Project_runs/Research/ResUNet34_params/Patient1/Seed0
MeanTeacher,1,0,110,180,1.0,0.999,0.0003729401040699385,1.8688019395085576e-05,2.3855069635993057e-06,3.2605024807708104e-05,0.00035425208504117717,92,1438,/rds/general/user/hs225/home/TTA_Project_runs/Research/ResUNet34_params/Patient1/Seed0
MeanTeacher,1,0,111,180,1.0,0.999,0.0003502220210066298,1.6670737452134038e-05,2.113164978823079e-06,2.9115145035676606e-05,0.0003335512837010255,92,1438,/rds/general/user/hs225/home/TTA_Project_runs/Research/ResUNet34_params/Patient1/Seed0
MeanTeacher,1,0,112,180,1.0,0.999,0.00032929079910294,1.4937504723396462e-05,1.9211262146730707e-06,2.603275708629048e-05,0.0003143532947029194,92,1438,/rds/general/user/hs225/home/TTA_Project_runs/Research/ResUNet34_params/Patient1/Seed0
MeanTeacher,1,0,113,180,1.0,0.999,0.00031863676968997524,1.1075150453305266e-05,1.3946522361468144e-06,1.9360996434948497e-05,0.00030756161872381603,92,1438,/rds/general/user/hs225/home/TTA_Project_runs/Research/ResUNet34_params/Patient1/Seed0
MeanTeacher,1,0,114,180,1.0,0.999,0.00031569165415324584,1.037788401340044e-05,1.294329033088262e-06,1.8167109929992068e-05,0.0003053137694627771,92,1438,/rds/general/user/hs225/home/TTA_Project_runs/Research/ResUNet34_params/Patient1/Seed0
MeanTeacher,1,0,115,180,1.0,0.999,0.00029935415918266195,1.0207021481771032e-05,1.2335488263046399e-06,1.794694531124858e-05,0.0002891471380684783,92,1438,/rds/general/user/hs225/home/TTA_Project_runs/Research/ResUNet34_params/Patient1/Seed0
MeanTeacher,1,0,116,180,1.0,0.999,0.0002884332321021551,1.0614210433838403e-05,1.4002082486462718e-06,1.842800434638371e-05,0.00027781902212559037,92,1438,/rds/general/user/hs225/home/TTA_Project_runs/Research/ResUNet34_params/Patient1/Seed0
MeanTeacher,1,0,117,180,1.0,0.999,0.0002864052895246358,1.2506724187409821e-05,1.966649581043435e-06,2.108014913473097e-05,0.0002738985661785086,92,1438,/rds/general/user/hs225/home/TTA_Project_runs/Research/ResUNet34_params/Patient1/Seed0
MeanTeacher,1,0,118,180,1.0,0.999,0.00028403296710166615,7.503420700534965e-06,9.307735747180838e-07,1.3145294287318796e-05,0.0002765295467624027,92,1438,/rds/general/user/hs225/home/TTA_Project_runs/Research/ResUNet34_params/Patient1/Seed0
MeanTeacher,1,0,119,180,1.0,0.999,0.0002831002445923837,1.141790046403912e-05,1.5976072132970229e-06,1.9640586480010015e-05,0.0002716823437367566,92,1438,/rds/general/user/hs225/home/TTA_Project_runs/Research/ResUNet34_params/Patient1/Seed0
MeanTeacher,1,0,120,180,1.0,0.999,0.0002757296029610896,1.590621290006311e-05,2.8421644688907893e-06,2.612809680108007e-05,0.00025982338989302255,92,1438,/rds/general/user/hs225/home/TTA_Project_runs/Research/ResUNet34_params/Patient1/Seed0
MeanTeacher,1,0,121,180,1.0,0.999,0.0002583397256886302,1.0145277707983446e-05,1.4297400385190586e-06,1.7431075373982215e-05,0.0002481944487954024,92,1438,/rds/general/user/hs225/home/TTA_Project_runs/Research/ResUNet34_params/Patient1/Seed0
MeanTeacher,1,0,122,180,1.0,0.999,0.0002492411608424542,7.934133169682254e-06,8.834898848262027e-07,1.410128658739672e-05,0.00024130702813636163,92,1438,/rds/general/user/hs225/home/TTA_Project_runs/Research/ResUNet34_params/Patient1/Seed0
MeanTeacher,1,0,123,180,1.0,0.999,0.00023714626687352494,8.284957616271843e-06,1.0666624705872133e-06,1.4436590327527989e-05,0.00022886130876334694,92,1438,/rds/general/user/hs225/home/TTA_Project_runs/Research/ResUNet34_params/Patient1/Seed0
MeanTeacher,1,0,124,180,1.0,0.999,0.00024400223567984844,1.000764830855082e-05,1.5287286528417907e-06,1.6957839261522167e-05,0.00023399458740540365,92,1438,/rds/general/user/hs225/home/TTA_Project_runs/Research/ResUNet34_params/Patient1/Seed0
MeanTeacher,1,0,125,180,1.0,0.999,0.00025087729639684163,2.2127485561264217e-05,5.366375865239408e-06,3.352221898340859e-05,0.00022874981083684058,92,1438,/rds/general/user/hs225/home/TTA_Project_runs/Research/ResUNet34_params/Patient1/Seed0
MeanTeacher,1,0,126,180,1.0,0.999,0.0002310135037987493,8.53401870446962e-06,1.3764940269488256e-06,1.431504928051355e-05,0.00022247948553639517,92,1438,/rds/general/user/hs225/home/TTA_Project_runs/Research/ResUNet34_params/Patient1/Seed0
MeanTeacher,1,0,127,180,1.0,0.999,0.0002763370670032196,4.2835976056368154e-05,9.227516860082435e-06,6.721691870299966e-05,0.00023350109036578538,92,1438,/rds/general/user/hs225/home/TTA_Project_runs/Research/ResUNet34_params/Patient1/Seed0
MeanTeacher,1,0,128,180,1.0,0.999,0.02367834695420849,0.021982508381289435,0.005576550716144387,0.03281191551106733,0.001695838590320717,92,1438,/rds/general/user/hs225/home/TTA_Project_runs/Research/ResUNet34_params/Patient1/Seed0
MeanTeacher,1,0,129,180,1.0,0.999,0.01095574403104062,0.009133883781356014,0.0024702855004256384,0.013327196579969799,0.0018218603133896573,92,1438,/rds/general/user/hs225/home/TTA_Project_runs/Research/ResUNet34_params/Patient1/Seed0
MeanTeacher,1,0,130,180,1.0,0.999,0.0017308355102108584,0.0006499280305029565,0.00014274553327090365,0.0010143649972936448,0.0010809074896517105,92,1438,/rds/general/user/hs225/home/TTA_Project_runs/Research/ResUNet34_params/Patient1/Seed0
MeanTeacher,1,0,131,180,1.0,0.999,0.0010809394257699347,0.0002738604287919265,4.552660377107208e-05,0.0004566676474900709,0.000807079000514932,92,1438,/rds/general/user/hs225/home/TTA_Project_runs/Research/ResUNet34_params/Patient1/Seed0
MeanTeacher,1,0,132,180,1.0,0.999,0.0007264202307851519,0.00010161043859019022,1.59394387638814e-05,0.0001713419997233561,0.0006248097932257223,92,1438,/rds/general/user/hs225/home/TTA_Project_runs/Research/ResUNet34_params/Patient1/Seed0
MeanTeacher,1,0,133,180,1.0,0.999,0.0005853207877306785,6.34714988336782e-05,1.0283879105878037e-05,0.00010637523958697177,0.000521849289806495,92,1438,/rds/general/user/hs225/home/TTA_Project_runs/Research/ResUNet34_params/Patient1/Seed0
MeanTeacher,1,0,134,180,1.0,0.999,0.0005018232716894191,4.5617409290975454e-05,6.239123610877565e-06,7.875657126229877e-05,0.00045620586368184176,92,1438,/rds/general/user/hs225/home/TTA_Project_runs/Research/ResUNet34_params/Patient1/Seed0
MeanTeacher,1,0,135,180,1.0,0.999,0.0004459760657078328,3.563879915620621e-05,5.044913624866846e-06,6.118777081509405e-05,0.0004103372673044861,92,1438,/rds/general/user/hs225/home/TTA_Project_runs/Research/ResUNet34_params/Patient1/Seed0
MeanTeacher,1,0,136,180,1.0,0.999,0.00043859315038490525,4.700559310701162e-05,5.932189472762022e-06,8.214680683522601e-05,0.00039158755797769925,92,1438,/rds/general/user/hs225/home/TTA_Project_runs/Research/ResUNet34_params/Patient1/Seed0
MeanTeacher,1,0,137,180,1.0,0.999,0.0003782232069271332,2.572991841386991e-05,3.538666895034718e-06,4.4382502862087375e-05,0.000352493287957461,92,1438,/rds/general/user/hs225/home/TTA_Project_runs/Research/ResUNet34_params/Patient1/Seed0
MeanTeacher,1,0,138,180,1.0,0.999,0.0003475185273095526,2.4240983169774053e-05,3.4289378182468983e-06,4.162409100495602e-05,0.000323277544561683,92,1438,/rds/general/user/hs225/home/TTA_Project_runs/Research/ResUNet34_params/Patient1/Seed0
MeanTeacher,1,0,139,180,1.0,0.999,0.0003310761540584887,2.3092963803921724e-05,3.054454365762164e-06,4.007701915422028e-05,0.0003079831911438507,92,1438,/rds/general/user/hs225/home/TTA_Project_runs/Research/ResUNet34_params/Patient1/Seed0
MeanTeacher,1,0,140,180,1.0,0.999,0.0003034545011461079,1.8049275915169953e-05,2.393439351698766e-06,3.131167296588602e-05,0.00028540522499598514,92,1438,/rds/general/user/hs225/home/TTA_Project_runs/Research/ResUNet34_params/Patient1/Seed0
MeanTeacher,1,0,141,180,1.0,0.999,0.00030142588046954994,1.3800540369225523e-05,1.9112139977690075e-06,2.3778652785545598e-05,0.0002876253391554605,92,1438,/rds/general/user/hs225/home/TTA_Project_runs/Research/ResUNet34_params/Patient1/Seed0
MeanTeacher,1,0,142,180,1.0,0.999,0.00029248657091456053,1.3733276798828027e-05,1.8218400537901087e-06,2.382287344365371e-05,0.00027875329477764253,92,1438,/rds/general/user/hs225/home/TTA_Project_runs/Research/ResUNet34_params/Patient1/Seed0
MeanTeacher,1,0,143,180,1.0,0.999,0.0002894920206825999,1.5592855061186128e-05,2.211584362833542e-06,2.6762541443127298e-05,0.00027389916597005343,92,1438,/rds/general/user/hs225/home/TTA_Project_runs/Research/ResUNet34_params/Patient1/Seed0
MeanTeacher,1,0,144,180,1.0,0.999,0.00027520545097811715,1.1061123033565916e-05,1.4699696232393458e-06,1.9182306795705194e-05,0.00026414432785612816,92,1438,/rds/general/user/hs225/home/TTA_Project_runs/Research/ResUNet34_params/Patient1/Seed0
MeanTeacher,1,0,145,180,1.0,0.999,0.0002803060897955826,1.0794927607093997e-05,1.3873689267837915e-06,1.8815117338514636e-05,0.00026951116261544585,92,1438,/rds/general/user/hs225/home/TTA_Project_runs/Research/ResUNet34_params/Patient1/Seed0
MeanTeacher,1,0,146,180,1.0,0.999,0.0002674277919545097,1.3977737091863674e-05,2.0465357069257252e-06,2.386240288008897e-05,0.0002534500547375905,92,1438,/rds/general/user/hs225/home/TTA_Project_runs/Research/ResUNet34_params/Patient1/Seed0
MeanTeacher,1,0,147,180,1.0,0.999,0.000257725564976378,8.485266904598474e-06,1.0894685393244194e-06,1.4791596744443168e-05,0.0002492402981766241,92,1438,/rds/general/user/hs225/home/TTA_Project_runs/Research/ResUNet34_params/Patient1/Seed0
MeanTeacher,1,0,148,180,1.0,0.999,0.00023748556533165457,7.567142036653725e-06,1.0448139065033502e-06,1.3044656258090174e-05,0.00022991842346932066,92,1438,/rds/general/user/hs225/home/TTA_Project_runs/Research/ResUNet34_params/Patient1/Seed0
MeanTeacher,1,0,149,180,1.0,0.999,0.00024850640881292444,1.5497540000018894e-05,4.083602047523351e-06,2.282787591714926e-05,0.00023300886847816099,92,1438,/rds/general/user/hs225/home/TTA_Project_runs/Research/ResUNet34_params/Patient1/Seed0
MeanTeacher,1,0,150,180,1.0,0.999,0.0002543834256357513,1.0019186474134282e-05,1.3666200346386226e-06,1.730513291325527e-05,0.00024436423983489577,92,1438,/rds/general/user/hs225/home/TTA_Project_runs/Research/ResUNet34_params/Patient1/Seed0
MeanTeacher,1,0,151,180,1.0,0.999,0.0002550307466460961,1.145651317023698e-05,2.304550941940104e-06,1.8303924621755463e-05,0.00024357423392050098,92,1438,/rds/general/user/hs225/home/TTA_Project_runs/Research/ResUNet34_params/Patient1/Seed0
MeanTeacher,1,0,152,180,1.0,0.999,0.0002405279138959789,7.808291823291964e-06,1.0727942936562664e-06,1.3470994996269938e-05,0.0002327196216356242,92,1438,/rds/general/user/hs225/home/TTA_Project_runs/Research/ResUNet34_params/Patient1/Seed0
MeanTeacher,1,0,153,180,1.0,0.999,0.0027726063335851195,0.0023392262122368065,0.0006830122563365471,0.003312427917404016,0.0004333801095021449,92,1438,/rds/general/user/hs225/home/TTA_Project_runs/Research/ResUNet34_params/Patient1/Seed0
MeanTeacher,1,0,154,180,1.0,0.999,0.011781628735803275,0.010229758496764892,0.0026489150501826466,0.015161686933909853,0.0015518702469610919,92,1438,/rds/general/user/hs225/home/TTA_Project_runs/Research/ResUNet34_params/Patient1/Seed0
MeanTeacher,1,0,155,180,1.0,0.999,0.0015969609581386775,0.000606457628722031,8.149755285052783e-05,0.0010499201529859824,0.0009905033332567351,92,1438,/rds/general/user/hs225/home/TTA_Project_runs/Research/ResUNet34_params/Patient1/Seed0
MeanTeacher,1,0,156,180,1.0,0.999,0.001118649333915932,0.0003967043786865866,4.006602663682518e-05,0.0007132767026834902,0.0007219449588269021,92,1438,/rds/general/user/hs225/home/TTA_Project_runs/Research/ResUNet34_params/Patient1/Seed0
MeanTeacher,1,0,157,180,1.0,0.999,0.0008310816417280067,0.00028067203301260533,1.8417934537258892e-05,0.0005245081937573559,0.0005504096062698712,92,1438,/rds/general/user/hs225/home/TTA_Project_runs/Research/ResUNet34_params/Patient1/Seed0
MeanTeacher,1,0,158,180,1.0,0.999,0.0005903339817450615,0.00013000269500985774,1.0740903368223876e-05,0.00023852358316515972,0.0004603312870232104,92,1438,/rds/general/user/hs225/home/TTA_Project_runs/Research/ResUNet34_params/Patient1/Seed0
MeanTeacher,1,0,159,180,1.0,0.999,0.0005024232640506751,0.00011029595954520725,6.6481085519222284e-06,0.00020729570129939627,0.00039212730512695596,92,1438,/rds/general/user/hs225/home/TTA_Project_runs/Research/ResUNet34_params/Patient1/Seed0
MeanTeacher,1,0,160,180,1.0,0.999,0.00039313803552229525,4.957709785837021e-05,3.7251814076297605e-06,9.170383187261501e-05,0.0003435609387250022,92,1438,/rds/general/user/hs225/home/TTA_Project_runs/Research/ResUNet34_params/Patient1/Seed0
MeanTeacher,1,0,161,180,1.0,0.999,0.00042603399484101423,5.9865793681031694e-05,1.0368646511141024e-05,9.899429433567598e-05,0.0003661681991313041,92,1438,/rds/general/user/hs225/home/TTA_Project_runs/Research/ResUNet34_params/Patient1/Seed0
MeanTeacher,1,0,162,180,1.0,0.999,0.00034139207095399294,2.8244821426900064e-05,3.8104689161223684e-06,4.886870485986745e-05,0.000313147248319486,92,1438,/rds/general/user/hs225/home/TTA_Project_runs/Research/ResUNet34_params/Patient1/Seed0
MeanTeacher,1,0,163,180,1.0,0.999,0.00032065707544259365,1.954806515540339e-05,2.836012247876675e-06,3.342410586305454e-05,0.0003011090100901331,92,1438,/rds/general/user/hs225/home/TTA_Project_runs/Research/ResUNet34_params/Patient1/Seed0
MeanTeacher,1,0,164,180,1.0,0.999,0.0003105358970060479,1.5043908654711737e-05,2.189635333296438e-06,2.5708546650093923e-05,0.0002954919883147037,92,1438,/rds/general/user/hs225/home/TTA_Project_runs/Research/ResUNet34_params/Patient1/Seed0
MeanTeacher,1,0,165,180,1.0,0.999,0.00028658976835787246,1.0353570251532397e-05,1.4406612063706033e-06,1.7825818137377306e-05,0.00027623619761369707,92,1438,/rds/general/user/hs225/home/TTA_Project_runs/Research/ResUNet34_params/Patient1/Seed0
MeanTeacher,1,0,166,180,1.0,0.999,0.00027622206624881883,9.298140831661941e-06,1.1945924837972498e-06,1.6207096652781023e-05,0.00026692392683697915,92,1438,/rds/general/user/hs225/home/TTA_Project_runs/Research/ResUNet34_params/Patient1/Seed0
MeanTeacher,1,0,167,180,1.0,0.999,0.0002577472851246259,7.323858705553398e-06,9.680786400660206e-07,1.2711560114237525e-05,0.00025042342682960833,92,1438,/rds/general/user/hs225/home/TTA_Project_runs/Research/ResUNet34_params/Patient1/Seed0
MeanTeacher,1,0,168,180,1.0,0.999,0.0002578209255767029,7.421245404910021e-06,9.889658328019222e-07,1.2864559137900262e-05,0.00025039968010484397,92,1438,/rds/general/user/hs225/home/TTA_Project_runs/Research/ResUNet34_params/Patient1/Seed0
MeanTeacher,1,0,169,180,1.0,0.999,0.00024174849515677327,6.609664890472939e-06,8.467579560386993e-07,1.1525813935501598e-05,0.00023513883111768842,92,1438,/rds/general/user/hs225/home/TTA_Project_runs/Research/ResUNet34_params/Patient1/Seed0
MeanTeacher,1,0,170,180,1.0,0.999,0.00024116929574423315,1.0343334526573422e-05,1.594745280107822e-06,1.749717848472048e-05,0.00023082596099912835,92,1438,/rds/general/user/hs225/home/TTA_Project_runs/Research/ResUNet34_params/Patient1/Seed0
MeanTeacher,1,0,171,180,1.0,0.999,0.00023468982821618232,7.043615762035592e-06,9.763111768121589e-07,1.2134609194921116e-05,0.00022764621292784188,92,1438,/rds/general/user/hs225/home/TTA_Project_runs/Research/ResUNet34_params/Patient1/Seed0
MeanTeacher,1,0,172,180,1.0,0.999,0.00023807015754250137,6.141989474094266e-06,8.316501119370262e-07,1.0620678757631038e-05,0.000231928168391783,92,1438,/rds/general/user/hs225/home/TTA_Project_runs/Research/ResUNet34_params/Patient1/Seed0
MeanTeacher,1,0,173,180,1.0,0.999,0.0002361405502193116,7.3122338916517845e-06,9.039479569613225e-07,1.2816571907276537e-05,0.00022882831613565537,92,1438,/rds/general/user/hs225/home/TTA_Project_runs/Research/ResUNet34_params/Patient1/Seed0
MeanTeacher,1,0,174,180,1.0,0.999,0.00021667851878090814,6.837223175024418e-06,9.080302547204156e-07,1.1858385842818583e-05,0.00020984129559009388,92,1438,/rds/general/user/hs225/home/TTA_Project_runs/Research/ResUNet34_params/Patient1/Seed0
MeanTeacher,1,0,175,180,1.0,0.999,0.00022484853923540667,8.279152814338886e-06,1.580418418948663e-06,1.339746886767696e-05,0.0002165693857629473,92,1438,/rds/general/user/hs225/home/TTA_Project_runs/Research/ResUNet34_params/Patient1/Seed0
MeanTeacher,1,0,176,180,1.0,0.999,0.010105613228612734,0.00931028377068641,0.0028246033207576854,0.012971360898465416,0.0007953294460296295,92,1438,/rds/general/user/hs225/home/TTA_Project_runs/Research/ResUNet34_params/Patient1/Seed0
MeanTeacher,1,0,177,180,1.0,0.999,0.010464776921111883,0.008867960450556388,0.0019812871684027618,0.013773346476631964,0.001596816377908302,92,1438,/rds/general/user/hs225/home/TTA_Project_runs/Research/ResUNet34_params/Patient1/Seed0
MeanTeacher,1,0,178,180,1.0,0.999,0.002888256832456035,0.002024496706932647,3.734258187427662e-05,0.0039743082654442536,0.0008637601179038434,92,1438,/rds/general/user/hs225/home/TTA_Project_runs/Research/ResUNet34_params/Patient1/Seed0
MeanTeacher,1,0,179,180,1.0,0.999,0.002411018590484875,0.0017969294009769026,1.025507737166562e-05,0.0035733486099868766,0.0006140891921758238,92,1438,/rds/general/user/hs225/home/TTA_Project_runs/Research/ResUNet34_params/Patient1/Seed0
MeanTeacher,1,0,180,180,1.0,0.999,0.0022868988739598232,0.0017835270942669012,7.354711195262098e-06,0.0035523447886539037,0.0005033717874337324,92,1438,/rds/general/user/hs225/home/TTA_Project_runs/Research/ResUNet34_params/Patient1/Seed0
MeanTeacher,1,0,181,180,1.0,0.999,0.000608098980349799,0.00017094262556282855,9.961966844684866e-06,0.00032196132126248103,0.00043715635834410527,92,1438,/rds/general/user/hs225/home/TTA_Project_runs/Research/ResUNet34_params/Patient1/Seed0
MeanTeacher,1,0,182,180,1.0,0.999,0.0003918821099028315,2.476824311341059e-05,3.572547938940968e-06,4.239139036851864e-05,0.00036711386771154744,92,1438,/rds/general/user/hs225/home/TTA_Project_runs/Research/ResUNet34_params/Patient1/Seed0
MeanTeacher,1,0,183,180,1.0,0.999,0.009222063923193167,0.008047588048354253,0.0026062249010604115,0.010882726233052784,0.0011744758681743405,92,1438,/rds/general/user/hs225/home/TTA_Project_runs/Research/ResUNet34_params/Patient1/Seed0
MeanTeacher,1,0,184,180,1.0,0.999,0.003518480654262627,0.0021759150426482344,0.0007185610705113908,0.0029147079068934543,0.001342565617556425,92,1438,/rds/general/user/hs225/home/TTA_Project_runs/Research/ResUNet34_params/Patient1/Seed0
MeanTeacher,1,0,185,180,1.0,0.999,0.0009230962102366094,0.00011497142295411323,2.5218546478653377e-05,0.00017950575388062538,0.0008081247895057054,92,1438,/rds/general/user/hs225/home/TTA_Project_runs/Research/ResUNet34_params/Patient1/Seed0
MeanTeacher,1,0,186,180,1.0,0.999,0.0006993153733977427,7.217434957864396e-05,1.4568389729498045e-05,0.0001152119189201686,0.0006271410249205979,92,1438,/rds/general/user/hs225/home/TTA_Project_runs/Research/ResUNet34_params/Patient1/Seed0
MeanTeacher,1,0,187,180,1.0,0.999,0.0005585715115658887,5.1959482076805824e-05,9.80340594259764e-06,8.431215205241137e-05,0.0005066120296154016,92,1438,/rds/general/user/hs225/home/TTA_Project_runs/Research/ResUNet34_params/Patient1/Seed0
MeanTeacher,1,0,188,180,1.0,0.999,0.0004814785034088547,3.9434604903160814e-05,7.1157306374895295e-06,6.463774854839559e-05,0.0004420438976618849,92,1438,/rds/general/user/hs225/home/TTA_Project_runs/Research/ResUNet34_params/Patient1/Seed0
MeanTeacher,1,0,189,180,1.0,0.999,0.0004033334171658175,2.5872167002995006e-05,4.6701181064337205e-06,4.240409780828082e-05,0.0003774612506175698,92,1438,/rds/general/user/hs225/home/TTA_Project_runs/Research/ResUNet34_params/Patient1/Seed0
MeanTeacher,1,0,190,180,1.0,0.999,0.0004317542402431071,6.555720350055101e-05,8.047715394038985e-06,0.00011501897567238,0.00036619703539852506,92,1438,/rds/general/user/hs225/home/TTA_Project_runs/Research/ResUNet34_params/Patient1/Seed0
MeanTeacher,1,0,191,180,1.0,0.999,0.0003424280796429634,1.999353072379664e-05,2.9477056696375963e-06,3.409165024095273e-05,0.0003224345488787448,92,1438,/rds/general/user/hs225/home/TTA_Project_runs/Research/ResUNet34_params/Patient1/Seed0
MeanTeacher,1,0,192,180,1.0,0.999,0.0003349904342434861,1.4584275277229608e-05,2.073108168411232e-06,2.502233412289772e-05,0.00032040615854687834,92,1438,/rds/general/user/hs225/home/TTA_Project_runs/Research/ResUNet34_params/Patient1/Seed0
MeanTeacher,1,0,193,180,1.0,0.999,0.00030473997321678326,1.1081701220266243e-05,1.4881332955635824e-06,1.918713583361548e-05,0.0002936582722516808,92,1438,/rds/general/user/hs225/home/TTA_Project_runs/Research/ResUNet34_params/Patient1/Seed0
MeanTeacher,1,0,194,180,1.0,0.999,0.0002982679632421221,1.1278309014212735e-05,1.4847965372963599e-06,1.958702497530693e-05,0.0002869896535735784,92,1438,/rds/general/user/hs225/home/TTA_Project_runs/Research/ResUNet34_params/Patient1/Seed0
MeanTeacher,1,0,195,180,1.0,0.999,0.000291371155051618,1.0220105470024364e-05,1.4422312465474838e-06,1.7555748397373666e-05,0.0002811510498658107,92,1438,/rds/general/user/hs225/home/TTA_Project_runs/Research/ResUNet34_params/Patient1/Seed0
MeanTeacher,1,0,196,180,1.0,0.999,0.0002889125669955522,1.000531632623986e-05,1.3639188564537915e-06,1.7282794990731216e-05,0.00027890725100910966,92,1438,/rds/general/user/hs225/home/TTA_Project_runs/Research/ResUNet34_params/Patient1/Seed0
MeanTeacher,1,0,197,180,1.0,0.999,0.0002771802319734383,9.580927802390862e-06,1.3074786218838755e-06,1.6546898344434642e-05,0.00026759930515254384,92,1438,/rds/general/user/hs225/home/TTA_Project_runs/Research/ResUNet34_params/Patient1/Seed0
MeanTeacher,1,0,198,180,1.0,0.999,0.00026640340705246976,7.5706633525543215e-06,1.0260248523587101e-06,1.308927694986374e-05,0.00025883274362665056,92,1438,/rds/general/user/hs225/home/TTA_Project_runs/Research/ResUNet34_params/Patient1/Seed0
MeanTeacher,1,0,199,180,1.0,0.999,0.00026885362931352577,9.220120825324961e-06,1.1894225889048156e-06,1.606139642010223e-05,0.0002596335089442113,92,1438,/rds/general/user/hs225/home/TTA_Project_runs/Research/ResUNet34_params/Patient1/Seed0
MeanTeacher,1,0,200,180,1.0,0.999,0.00025753891626057644,6.293401384027675e-06,8.19301014429483e-07,1.0948200766354905e-05,0.0002512455151948719,92,1438,/rds/general/user/hs225/home/TTA_Project_runs/Research/ResUNet34_params/Patient1/Seed0
