vendor,seed,batches,seen_slices,augmented_slices,augmentation_coverage,restored_parameters,mean_loss,mean_anchor_confidence,adaptation_seconds,prediction_seconds,final_parameter_drift
B,2022,599,2049,0,0.0,146795459,0.003659581850017405,0.9986244037478305,48.93957420042716,6.998675616690889,0.30532941222190857
B,2023,599,2049,0,0.0,146795459,0.006634319259859203,0.9976603786150614,48.90211971197277,6.965209030313417,0.32349687814712524
B,2024,599,2049,0,0.0,146795459,0.004731389743572746,0.9982561325084413,49.51955483481288,6.942239864729345,0.24308283627033234
B,2025,599,2049,0,0.0,146795459,0.0066233896125397086,0.997763085010402,46.807021528016776,6.169782187789679,0.24692411720752716
B,2026,599,2049,0,0.0,146795459,0.005735049542269622,0.998065592836554,46.393142864340916,6.195137828821316,0.31643253564834595
C,2022,236,806,0,0.0,57836694,0.0036951006470063515,0.9985863288342213,16.394059821031988,2.722212720895186,0.22894494235515594
C,2023,236,806,0,0.0,57836694,0.006194517558478697,0.9978021360360659,16.49409662000835,2.749026454053819,0.2555769979953766
C,2024,236,806,0,0.0,57836694,0.004898226335783381,0.9981954828385384,16.37021378870122,2.7205783387180418,0.3064076900482178
C,2025,236,806,0,0.0,57836694,0.006094213640120888,0.9980039313324628,15.70007899357006,2.4450390096753836,0.34533679485321045
C,2026,236,806,0,0.0,57836694,0.00518245177450948,0.9982075873143028,15.591034238925204,2.427568031474948,0.21675027906894684
D,2022,241,835,0,0.0,59059645,0.0029022290361424754,0.9989120358478524,17.027057816740125,2.848361973417923,0.2744118273258209
D,2023,241,835,0,0.0,59059645,0.005093960789405925,0.9982280098749492,16.9718023694586,2.831889927154407,0.2626931667327881
D,2024,241,835,0,0.0,59059645,0.003942129123136178,0.9985742000762574,16.824712592409924,2.791976174339652,0.3285733461380005
D,2025,241,835,0,0.0,59059645,0.005539789656177163,0.9981599774189338,16.091710733715445,2.500028562732041,0.2318836897611618
D,2026,241,835,0,0.0,59059645,0.004570329303206307,0.9984168794340716,16.007327190833166,2.5021074190735817,0.18256649374961853
