vendor,metric,tent_seed_2022,tent_seed_2023,tent_seed_2024,tent_seed_2025,tent_seed_2026,source_seed_2022,source_seed_2023,source_seed_2024,source_seed_2025,source_seed_2026,delta_seed_2022,delta_seed_2023,delta_seed_2024,delta_seed_2025,delta_seed_2026,tent_mean,tent_std,source_mean,delta_mean,delta_std,delta_definition
B,dice_lv,0.8179584205072151,0.7650523078511862,0.8253620627922139,0.8221566822141162,0.7047053118089641,0.8187056471027712,0.8076715428418955,0.8326760748143055,0.8365345356562237,0.7273993354155305,-0.0007472265955560387,-0.0426192349907093,-0.007314012022091587,-0.014377853442107513,-0.02269402360656636,0.787046957034739,0.05224980822113858,0.8045974271661454,-0.01755047013140616,0.0162180353197368,tent_minus_source
B,dice_macro,0.8041809260784746,0.7836238185730637,0.7979471006746778,0.7991733965220869,0.7366456105035888,0.7820095865701856,0.7879275955296259,0.7927870395946695,0.8000732159095298,0.7345710075395877,0.02217133950828898,-0.004303776956562144,0.005160061080008327,-0.0008998193874429905,0.002074602964001082,0.7843141704703783,0.02772232655393678,0.7794736890287197,0.00484048144165865,0.010303875138584016,tent_minus_source
B,dice_myo,0.7580001586700098,0.7535975163009829,0.762576440334386,0.7708585142780375,0.7300942135150837,0.6977321999641297,0.7195872596825941,0.7338968103510993,0.7410167867556795,0.6936889001631009,0.06026795870588009,0.03401025661838886,0.02867962998328666,0.02984172752235803,0.036405313351982826,0.7550253686197,0.015330996530039921,0.7171843913833207,0.03784097723637929,0.012919204005611246,tent_minus_source
B,dice_rv,0.8365841990581988,0.8322216315670219,0.8059027988974341,0.8045049930741066,0.7751373061867185,0.8295909126436558,0.8365239840643877,0.811788233618603,0.8226683253166859,0.7826247870401322,0.0069932864145429985,-0.004302352497365769,-0.0058854347211688696,-0.018163332242579266,-0.007487480853413664,0.810870185756696,0.024794777729996487,0.8166392485366929,-0.005769062779996914,0.00896678892680357,tent_minus_source
B,hd95_px_lv,46.613155231814204,70.92657017024904,39.73463247766396,50.66668632993252,89.68988384591304,24.420090855087157,43.85531888817449,15.566489790367777,26.497420878625213,80.4112690444222,22.193064376727047,27.07125128207455,24.168142687296182,24.169265451307304,9.278614801490846,59.526185611114556,20.474130725261173,38.15011789133537,21.376067719779186,6.982990094643469,tent_minus_source
B,hd95_px_macro,23.400292767936918,35.81725026815938,23.331302084551034,32.19882957697843,65.11019135888081,14.07062785255756,20.759049918529442,9.815139188139938,19.013104409949044,59.91969196368632,9.329664915379357,15.058200349629935,13.516162896411096,13.18572516702939,5.190499395194493,35.97157321130131,17.1837861354463,24.71552266657246,11.256050544728854,3.9934310896041683,tent_minus_source
B,hd95_px_myo,14.205496026037629,25.099527158421925,22.00467817654982,19.14839415112571,52.4687858831937,11.404689263190257,14.80919334464135,11.090955695981348,14.521771742311422,55.35622839556893,2.8008067628473725,10.290333813780574,10.913722480568472,4.626622408814288,-2.887442512375223,26.58537627906576,15.014256339404472,21.436567688338663,5.148808590727097,5.701680378647192,tent_minus_source
B,hd95_px_rv,9.382227045958926,11.42565347580717,8.25459559943931,26.7814082498771,53.17190434753571,6.387103439395263,3.612637522772479,2.787972078070685,16.020120608910492,43.99157845106782,2.995123606563663,7.813015953034691,5.466623521368626,10.761287640966607,9.180325896467892,21.80315774372364,19.067753485944674,14.559882420043348,7.243275323680296,3.068243170331778,tent_minus_source
C,dice_lv,0.7874882272511069,0.7309432766635,0.7682865198370803,0.7691639884358655,0.6840593093570013,0.8021388433798465,0.7801471911144603,0.7959423183500536,0.803443566773741,0.6959555329634791,-0.014650616128739635,-0.049203914450960284,-0.027655798512973284,-0.03427957833787543,-0.011896223606477796,0.7479882643089109,0.04122535757060847,0.7755254905163161,-0.027537226207405285,0.015212038265532458,tent_minus_source
C,dice_macro,0.7497192541566774,0.7172481481410297,0.7355550590511324,0.7321791291641608,0.6881157110512912,0.7354631727153348,0.7355999352426116,0.7379098617860875,0.748124150326814,0.6769270364511206,0.014256081441342605,-0.018351787101581918,-0.0023548027349551415,-0.015945021162653172,0.01118867460017059,0.7245634603128582,0.023417834214514925,0.7268048313043937,-0.0022413709915354075,0.01499900382843817,tent_minus_source
C,dice_myo,0.6958364579250432,0.6811133417330184,0.6970066542113904,0.7061105773455923,0.6588494419631857,0.653992782489462,0.6764972542586156,0.6665342309802702,0.698184805380268,0.6065910757238688,0.04184367543558121,0.004616087474402786,0.030472423231120205,0.007925771965324402,0.0522583662393169,0.687783294635646,0.018489653826899898,0.6603600297664969,0.0274232648691491,0.02082274860541637,tent_minus_source
C,dice_rv,0.7658330772938828,0.7396878260265709,0.741372003104927,0.7212628217110246,0.721438381833687,0.7502578922766961,0.7501553603547593,0.7512530360279385,0.7427440788264329,0.7282345006660137,0.015575185017186688,-0.010467534328188366,-0.009881032923011457,-0.02148125711540827,-0.00679611883232667,0.7379188219940185,0.018325438175547704,0.7445289736303681,-0.006610151636349615,0.013591832014308641,tent_minus_source
C,hd95_px_lv,49.89974960693934,66.25553927801577,50.85173107874152,61.31929117728637,90.13889793606486,12.212863039189246,24.447841255647646,22.20964782690698,28.408356243374723,90.68896089108213,37.68688656775009,41.80769802236813,28.642083251834542,32.91093493391165,-0.5500629550172675,63.69304181540957,16.330481948461948,35.593533851240146,28.09950796416943,16.763609653364856,tent_minus_source
C,hd95_px_macro,35.225208307806355,41.46643149332344,34.74219960874168,41.850499073600616,64.24374500624377,10.69036972374349,14.6006121432327,25.599466023434942,23.267508072774294,66.21531457664932,24.534838584062864,26.86581935009074,9.142733585306736,18.582991000826322,-1.9715695704055491,43.505616697943175,12.065760425346644,28.07465410796695,15.430962589976223,11.894975199124401,tent_minus_source
C,hd95_px_myo,32.492821916154156,33.18154833798032,36.58618355625093,32.477030795311855,59.80288770007084,7.11010058516452,12.669087537577195,50.1757651971091,23.396506412288588,74.4061763204019,25.382721330989636,20.512460800403122,-13.58958164085817,9.080524383023267,-14.603288620331057,38.908094461153624,11.803508873942656,33.55152721050826,5.35656725064536,18.72143302123424,tent_minus_source
C,hd95_px_rv,23.28305340032557,24.962206863974217,16.788684191232573,31.755175248203596,42.78944938259559,12.748145546876712,6.6849076364732545,4.412985046288749,17.997661562659584,33.550806518463936,10.534907853448859,18.27729922750096,12.375699144943823,13.757513685544012,9.238642864131656,27.91571381726631,9.873765845758433,15.078901262152447,12.836812555113863,3.4965984099438017,tent_minus_source
D,dice_lv,0.8183702763333762,0.7489653913325127,0.8173202592118846,0.8242814166658011,0.7112966012535142,0.8533846654319727,0.8374037131493374,0.8404106310685487,0.866233373571155,0.7437826896050065,-0.03501438909859644,-0.08843832181682465,-0.023090371856664182,-0.041951956905353915,-0.03248608835149225,0.7840467889594178,0.05105718643228533,0.8282430145652041,-0.04419622560578629,0.025638302975163042,tent_minus_source
D,dice_macro,0.7764055451062585,0.7521020492846191,0.7893829457095708,0.7870545032081832,0.7320785740668723,0.7800415702661239,0.7908065367460279,0.793286336152505,0.8121789582656761,0.752088579310303,-0.003636025159865386,-0.038704487461408754,-0.003903390442934196,-0.025124455057492945,-0.020010005243430773,0.7674047234751008,0.024659073155609685,0.7856803961481271,-0.018275672673026412,0.014900771616627777,tent_minus_source
D,dice_myo,0.7320470949395448,0.721945655525867,0.7400911010367729,0.7543733583479884,0.7157096461998698,0.7177703830466535,0.7246052980904808,0.7388567828885292,0.7508043430678453,0.7173598971739724,0.014276711892891258,-0.0026596425646138178,0.0012343181482437071,0.003569015280143084,-0.0016502509741026516,0.7328333712100086,0.015239982197805297,0.7298793408534963,0.002954030356512316,0.006786962942779565,tent_minus_source
D,dice_rv,0.7787992640458544,0.7853951009954768,0.8107374768800555,0.7825087346107602,0.7692294747472326,0.7689696623197461,0.8104105989982652,0.800591594500437,0.819499158158028,0.7951231511519303,0.009829601726108361,-0.02501549800278835,0.010145882379618443,-0.03699042354726778,-0.025893676404697752,0.7853340102558759,0.01545461907532582,0.7989188330256813,-0.013584822769805415,0.02203050160121654,tent_minus_source
D,hd95_px_lv,54.28835027852642,83.24240670814436,56.857380822270244,53.96688163240787,103.4898912548905,5.746585836512108,31.08153550511409,22.243693763891553,8.618176009596285,85.75626326651185,48.54176444201431,52.16087120303027,34.61368705837869,45.348705622811586,17.733627988378643,70.36898213924788,22.208662009468338,30.68925087632518,39.6797312629227,13.908163154999063,tent_minus_source
D,hd95_px_macro,29.270317608720333,41.651272533832405,33.347826615509106,32.81591402645618,64.7047093978696,4.447003044692133,13.380428029499619,10.575607812427888,7.891707210354963,49.25420877017235,24.823314564028202,28.270844504332786,22.772218803081216,24.924206816101215,15.45050062769726,40.35800803647753,14.347448421876264,17.10979097342939,23.248217063048138,4.784025923673252,tent_minus_source
D,hd95_px_myo,18.06563511173224,21.743695348004966,33.946743918987124,10.859448161494779,48.39197118883512,2.2582914778786622,5.457124291779644,5.658998935905728,2.291380626813853,27.478101980988757,15.807343633853579,16.28657105622532,28.287744983081396,8.568067534680926,20.913869207846364,26.601498745810847,14.773698710671233,8.628779462673329,17.972719283137515,7.263427911900416,tent_minus_source
D,hd95_px_rv,15.456967435902346,19.967715545347893,9.239355105269953,33.62141228546589,42.23226574988318,5.336131819685632,3.6026242916051308,3.8241307374863918,12.765564994654756,34.528261063016444,10.120835616216713,16.36509125374276,5.41522436778356,20.85584729081113,7.704004686866739,24.10354322437385,13.528237540118546,12.011342581289671,12.09220064308418,6.37933485437778,tent_minus_source
