loss_mode,ablation,sadg_method,lambda_disp,dice_weight,rho,rho_tag,checkpoint_source,shot,seed,epoch,train_loss,train_seg_loss,train_disp_loss,epsilon_loss,sadg_grad_norm,perturb_norm,steps,train_case_ids,n_train_slices,slice_policy,num_middle_slices,filter_min_fg,output_dir
Seg-SADG,Seg-SADG,Seg-SADG,0.05,0.5,0.05,rho0p05,new_training,3,1,1,1.276978227827284,1.253323409292433,0.4730961157215966,1.162036246723599,1.8283050722546048,0.05,9,72|31|126,35,all_filtered,9,True,D:\Running_Place\PostGraduateProjects\Experiments\PostGraduate\backbones\DisperssionWithSADG\Seg-SADG\rho0p05\shot3\Seed1
Seg-SADG,Seg-SADG,Seg-SADG,0.05,0.5,0.05,rho0p05,new_training,3,1,2,0.95538639360004,0.9443631437089708,0.22046519981490242,0.8910295698377821,0.9904012812508477,0.05,9,72|31|126,35,all_filtered,9,True,D:\Running_Place\PostGraduateProjects\Experiments\PostGraduate\backbones\DisperssionWithSADG\Seg-SADG\rho0p05\shot3\Seed1
Seg-SADG,Seg-SADG,Seg-SADG,0.05,0.5,0.05,rho0p05,new_training,3,1,3,0.8154806163575914,0.8092290692859225,0.12503090997536978,0.7682284249199761,0.7660448087586297,0.05,9,72|31|126,35,all_filtered,9,True,D:\Running_Place\PostGraduateProjects\Experiments\PostGraduate\backbones\DisperssionWithSADG\Seg-SADG\rho0p05\shot3\Seed1
Seg-SADG,Seg-SADG,Seg-SADG,0.05,0.5,0.05,rho0p05,new_training,3,1,4,0.7150753140449524,0.7115291754404703,0.07092273690634304,0.6723271542125278,0.7324170801374648,0.05,9,72|31|126,35,all_filtered,9,True,D:\Running_Place\PostGraduateProjects\Experiments\PostGraduate\backbones\DisperssionWithSADG\Seg-SADG\rho0p05\shot3\Seed1
Seg-SADG,Seg-SADG,Seg-SADG,0.05,0.5,0.05,rho0p05,new_training,3,1,5,0.6356226007143656,0.6332519915368822,0.04741203122668796,0.5964635544353061,0.6840480632252164,0.05,9,72|31|126,35,all_filtered,9,True,D:\Running_Place\PostGraduateProjects\Experiments\PostGraduate\backbones\DisperssionWithSADG\Seg-SADG\rho0p05\shot3\Seed1
Seg-SADG,Seg-SADG,Seg-SADG,0.05,0.5,0.05,rho0p05,new_training,3,1,6,0.5768706202507019,0.5750137368837992,0.03713769941694207,0.5413647227817111,0.6292820109261407,0.05,9,72|31|126,35,all_filtered,9,True,D:\Running_Place\PostGraduateProjects\Experiments\PostGraduate\backbones\DisperssionWithSADG\Seg-SADG\rho0p05\shot3\Seed1
Seg-SADG,Seg-SADG,Seg-SADG,0.05,0.5,0.05,rho0p05,new_training,3,1,7,0.5317314068476359,0.5303545726670159,0.027536682163675625,0.49733199675877887,0.60517375336753,0.05,9,72|31|126,35,all_filtered,9,True,D:\Running_Place\PostGraduateProjects\Experiments\PostGraduate\backbones\DisperssionWithSADG\Seg-SADG\rho0p05\shot3\Seed1
Seg-SADG,Seg-SADG,Seg-SADG,0.05,0.5,0.05,rho0p05,new_training,3,1,8,0.49821693698565167,0.497020145257314,0.023935826702250376,0.464974625243081,0.589860909514957,0.05,9,72|31|126,35,all_filtered,9,True,D:\Running_Place\PostGraduateProjects\Experiments\PostGraduate\backbones\DisperssionWithSADG\Seg-SADG\rho0p05\shot3\Seed1
Seg-SADG,Seg-SADG,Seg-SADG,0.05,0.5,0.05,rho0p05,new_training,3,1,9,0.4633473555246989,0.4624432590272691,0.018081929120752547,0.431571086247762,0.5661272605260214,0.05,9,72|31|126,35,all_filtered,9,True,D:\Running_Place\PostGraduateProjects\Experiments\PostGraduate\backbones\DisperssionWithSADG\Seg-SADG\rho0p05\shot3\Seed1
Seg-SADG,Seg-SADG,Seg-SADG,0.05,0.5,0.05,rho0p05,new_training,3,1,10,0.4390990734100342,0.43830808997154236,0.015819646935496066,0.4076583484808604,0.5468087792396545,0.05,9,72|31|126,35,all_filtered,9,True,D:\Running_Place\PostGraduateProjects\Experiments\PostGraduate\backbones\DisperssionWithSADG\Seg-SADG\rho0p05\shot3\Seed1
Seg-SADG,Seg-SADG,Seg-SADG,0.05,0.5,0.05,rho0p05,new_training,3,1,11,0.41769473089112175,0.41709158155653214,0.012062967858380742,0.38871464133262634,0.52300406826867,0.05,9,72|31|126,35,all_filtered,9,True,D:\Running_Place\PostGraduateProjects\Experiments\PostGraduate\backbones\DisperssionWithSADG\Seg-SADG\rho0p05\shot3\Seed1
Seg-SADG,Seg-SADG,Seg-SADG,0.05,0.5,0.05,rho0p05,new_training,3,1,12,0.4047269920508067,0.4040282865365346,0.013974103766183058,0.37251074115435284,0.5348087085617913,0.05,9,72|31|126,35,all_filtered,9,True,D:\Running_Place\PostGraduateProjects\Experiments\PostGraduate\backbones\DisperssionWithSADG\Seg-SADG\rho0p05\shot3\Seed1
Seg-SADG,Seg-SADG,Seg-SADG,0.05,0.5,0.05,rho0p05,new_training,3,1,13,0.3819780151049296,0.3814210428131951,0.011139478948381212,0.3566453920470344,0.4648425711525811,0.05,9,72|31|126,35,all_filtered,9,True,D:\Running_Place\PostGraduateProjects\Experiments\PostGraduate\backbones\DisperssionWithSADG\Seg-SADG\rho0p05\shot3\Seed1
Seg-SADG,Seg-SADG,Seg-SADG,0.05,0.5,0.05,rho0p05,new_training,3,1,14,0.3663901090621948,0.36571699380874634,0.013462265642980734,0.33738155828581917,0.5097812314828237,0.05,9,72|31|126,35,all_filtered,9,True,D:\Running_Place\PostGraduateProjects\Experiments\PostGraduate\backbones\DisperssionWithSADG\Seg-SADG\rho0p05\shot3\Seed1
Seg-SADG,Seg-SADG,Seg-SADG,0.05,0.5,0.05,rho0p05,new_training,3,1,15,0.34673092431492275,0.346237493885888,0.009868690537081825,0.3210907843377855,0.4662373893790775,0.05,9,72|31|126,35,all_filtered,9,True,D:\Running_Place\PostGraduateProjects\Experiments\PostGraduate\backbones\DisperssionWithSADG\Seg-SADG\rho0p05\shot3\Seed1
Seg-SADG,Seg-SADG,Seg-SADG,0.05,0.5,0.05,rho0p05,new_training,3,1,16,0.32532892293400234,0.32485442029105294,0.009490007068961859,0.2998356587356991,0.4444415006372664,0.05,9,72|31|126,35,all_filtered,9,True,D:\Running_Place\PostGraduateProjects\Experiments\PostGraduate\backbones\DisperssionWithSADG\Seg-SADG\rho0p05\shot3\Seed1
Seg-SADG,Seg-SADG,Seg-SADG,0.05,0.5,0.05,rho0p05,new_training,3,1,17,0.3092218107647366,0.30867086185349357,0.011018979363143444,0.2868187659316593,0.40521306792895,0.05,9,72|31|126,35,all_filtered,9,True,D:\Running_Place\PostGraduateProjects\Experiments\PostGraduate\backbones\DisperssionWithSADG\Seg-SADG\rho0p05\shot3\Seed1
Seg-SADG,Seg-SADG,Seg-SADG,0.05,0.5,0.05,rho0p05,new_training,3,1,18,0.2934239341153039,0.2930154568619198,0.008169489084846444,0.27049703068203396,0.4118124610847897,0.05,9,72|31|126,35,all_filtered,9,True,D:\Running_Place\PostGraduateProjects\Experiments\PostGraduate\backbones\DisperssionWithSADG\Seg-SADG\rho0p05\shot3\Seed1
Seg-SADG,Seg-SADG,Seg-SADG,0.05,0.5,0.05,rho0p05,new_training,3,1,19,0.27879877554045784,0.27832243508762783,0.009526778012514114,0.25566143294175464,0.40627970629268223,0.05,9,72|31|126,35,all_filtered,9,True,D:\Running_Place\PostGraduateProjects\Experiments\PostGraduate\backbones\DisperssionWithSADG\Seg-SADG\rho0p05\shot3\Seed1
Seg-SADG,Seg-SADG,Seg-SADG,0.05,0.5,0.05,rho0p05,new_training,3,1,20,0.26430484983656144,0.2638916075229645,0.008264824903259674,0.24237752126322853,0.3886789017253452,0.05,9,72|31|126,35,all_filtered,9,True,D:\Running_Place\PostGraduateProjects\Experiments\PostGraduate\backbones\DisperssionWithSADG\Seg-SADG\rho0p05\shot3\Seed1
Seg-SADG,Seg-SADG,Seg-SADG,0.05,0.5,0.05,rho0p05,new_training,3,1,21,0.2501112785604265,0.2497320274511973,0.007584969823559125,0.229870875676473,0.36482027504179215,0.05,9,72|31|126,35,all_filtered,9,True,D:\Running_Place\PostGraduateProjects\Experiments\PostGraduate\backbones\DisperssionWithSADG\Seg-SADG\rho0p05\shot3\Seed1
Seg-SADG,Seg-SADG,Seg-SADG,0.05,0.5,0.05,rho0p05,new_training,3,1,22,0.24326258897781372,0.24282975660430062,0.008656632672581408,0.2165669451157252,0.37313668264283073,0.05,9,72|31|126,35,all_filtered,9,True,D:\Running_Place\PostGraduateProjects\Experiments\PostGraduate\backbones\DisperssionWithSADG\Seg-SADG\rho0p05\shot3\Seed1
Seg-SADG,Seg-SADG,Seg-SADG,0.05,0.5,0.05,rho0p05,new_training,3,1,23,0.24444564514689976,0.24395630260308585,0.009786857705977228,0.2224375026093589,0.38355019357469344,0.05,9,72|31|126,35,all_filtered,9,True,D:\Running_Place\PostGraduateProjects\Experiments\PostGraduate\backbones\DisperssionWithSADG\Seg-SADG\rho0p05\shot3\Seed1
Seg-SADG,Seg-SADG,Seg-SADG,0.05,0.5,0.05,rho0p05,new_training,3,1,24,0.23203718662261963,0.23153940505451626,0.009955618633992143,0.21138958467377555,0.36702775292926365,0.05,9,72|31|126,35,all_filtered,9,True,D:\Running_Place\PostGraduateProjects\Experiments\PostGraduate\backbones\DisperssionWithSADG\Seg-SADG\rho0p05\shot3\Seed1
Seg-SADG,Seg-SADG,Seg-SADG,0.05,0.5,0.05,rho0p05,new_training,3,1,25,0.21828775273429024,0.21784219476911756,0.008911136951711442,0.19947594073083666,0.32536200682322186,0.05,9,72|31|126,35,all_filtered,9,True,D:\Running_Place\PostGraduateProjects\Experiments\PostGraduate\backbones\DisperssionWithSADG\Seg-SADG\rho0p05\shot3\Seed1
Seg-SADG,Seg-SADG,Seg-SADG,0.05,0.5,0.05,rho0p05,new_training,3,1,26,0.21106012827820247,0.2106451673640145,0.008299239497217867,0.19046570195092094,0.34102029270595974,0.05,9,72|31|126,35,all_filtered,9,True,D:\Running_Place\PostGraduateProjects\Experiments\PostGraduate\backbones\DisperssionWithSADG\Seg-SADG\rho0p05\shot3\Seed1
Seg-SADG,Seg-SADG,Seg-SADG,0.05,0.5,0.05,rho0p05,new_training,3,1,27,0.2051655633582009,0.20482543938689762,0.00680242773766319,0.18492448661062452,0.3171852793958452,0.05,9,72|31|126,35,all_filtered,9,True,D:\Running_Place\PostGraduateProjects\Experiments\PostGraduate\backbones\DisperssionWithSADG\Seg-SADG\rho0p05\shot3\Seed1
Seg-SADG,Seg-SADG,Seg-SADG,0.05,0.5,0.05,rho0p05,new_training,3,1,28,0.20213811927371556,0.20168589221106636,0.00904451972908444,0.1832571162117852,0.34235454267925686,0.05,9,72|31|126,35,all_filtered,9,True,D:\Running_Place\PostGraduateProjects\Experiments\PostGraduate\backbones\DisperssionWithSADG\Seg-SADG\rho0p05\shot3\Seed1
Seg-SADG,Seg-SADG,Seg-SADG,0.05,0.5,0.05,rho0p05,new_training,3,1,29,0.19428650703695086,0.19379964802000257,0.009737156848940585,0.17649363312456343,0.29938232402006787,0.05,9,72|31|126,35,all_filtered,9,True,D:\Running_Place\PostGraduateProjects\Experiments\PostGraduate\backbones\DisperssionWithSADG\Seg-SADG\rho0p05\shot3\Seed1
Seg-SADG,Seg-SADG,Seg-SADG,0.05,0.5,0.05,rho0p05,new_training,3,1,30,0.1786290986670388,0.17818961375289494,0.00878968338171641,0.16411013901233673,0.2505928642219967,0.05,9,72|31|126,35,all_filtered,9,True,D:\Running_Place\PostGraduateProjects\Experiments\PostGraduate\backbones\DisperssionWithSADG\Seg-SADG\rho0p05\shot3\Seed1
Seg-SADG,Seg-SADG,Seg-SADG,0.05,0.5,0.05,rho0p05,new_training,3,1,31,0.16763772401544783,0.16727942062748802,0.007166044269171026,0.15466614067554474,0.22480903400315178,0.05,9,72|31|126,35,all_filtered,9,True,D:\Running_Place\PostGraduateProjects\Experiments\PostGraduate\backbones\DisperssionWithSADG\Seg-SADG\rho0p05\shot3\Seed1
Seg-SADG,Seg-SADG,Seg-SADG,0.05,0.5,0.05,rho0p05,new_training,3,1,32,0.161398912469546,0.1610685752497779,0.006606800636897485,0.1478731334209442,0.2315838717752033,0.05,9,72|31|126,35,all_filtered,9,True,D:\Running_Place\PostGraduateProjects\Experiments\PostGraduate\backbones\DisperssionWithSADG\Seg-SADG\rho0p05\shot3\Seed1
Seg-SADG,Seg-SADG,Seg-SADG,0.05,0.5,0.05,rho0p05,new_training,3,1,33,0.15546537935733795,0.15515562064117855,0.006195188396506839,0.14259713888168335,0.22193781203693813,0.05,9,72|31|126,35,all_filtered,9,True,D:\Running_Place\PostGraduateProjects\Experiments\PostGraduate\backbones\DisperssionWithSADG\Seg-SADG\rho0p05\shot3\Seed1
Seg-SADG,Seg-SADG,Seg-SADG,0.05,0.5,0.05,rho0p05,new_training,3,1,34,0.14899435142676035,0.14866886370711857,0.006509776227176189,0.1360919541782803,0.21659614642461142,0.05,9,72|31|126,35,all_filtered,9,True,D:\Running_Place\PostGraduateProjects\Experiments\PostGraduate\backbones\DisperssionWithSADG\Seg-SADG\rho0p05\shot3\Seed1
Seg-SADG,Seg-SADG,Seg-SADG,0.05,0.5,0.05,rho0p05,new_training,3,1,35,0.14707571102513206,0.14674784243106842,0.0065573567731512915,0.13336398038599226,0.23091552820470598,0.05,9,72|31|126,35,all_filtered,9,True,D:\Running_Place\PostGraduateProjects\Experiments\PostGraduate\backbones\DisperssionWithSADG\Seg-SADG\rho0p05\shot3\Seed1
Seg-SADG,Seg-SADG,Seg-SADG,0.05,0.5,0.05,rho0p05,new_training,3,1,36,0.13968570199277666,0.13938282595740425,0.006057523501416047,0.1275262807806333,0.2060470763179991,0.05,9,72|31|126,35,all_filtered,9,True,D:\Running_Place\PostGraduateProjects\Experiments\PostGraduate\backbones\DisperssionWithSADG\Seg-SADG\rho0p05\shot3\Seed1
Seg-SADG,Seg-SADG,Seg-SADG,0.05,0.5,0.05,rho0p05,new_training,3,1,37,0.13549811641375223,0.13520965145693886,0.005769319728844696,0.12292006942960951,0.2025983581940333,0.05,9,72|31|126,35,all_filtered,9,True,D:\Running_Place\PostGraduateProjects\Experiments\PostGraduate\backbones\DisperssionWithSADG\Seg-SADG\rho0p05\shot3\Seed1
Seg-SADG,Seg-SADG,Seg-SADG,0.05,0.5,0.05,rho0p05,new_training,3,1,38,0.1317395700348748,0.13144935501946342,0.005804331093612645,0.12038388848304749,0.19019282857577005,0.05,9,72|31|126,35,all_filtered,9,True,D:\Running_Place\PostGraduateProjects\Experiments\PostGraduate\backbones\DisperssionWithSADG\Seg-SADG\rho0p05\shot3\Seed1
Seg-SADG,Seg-SADG,Seg-SADG,0.05,0.5,0.05,rho0p05,new_training,3,1,39,0.1274185280005137,0.12710007445679772,0.0063690744443900054,0.11626862237850825,0.184418852130572,0.05,9,72|31|126,35,all_filtered,9,True,D:\Running_Place\PostGraduateProjects\Experiments\PostGraduate\backbones\DisperssionWithSADG\Seg-SADG\rho0p05\shot3\Seed1
Seg-SADG,Seg-SADG,Seg-SADG,0.05,0.5,0.05,rho0p05,new_training,3,1,40,0.12399367491404216,0.12367281648847792,0.0064171478152275085,0.11258775409724978,0.18299064371320936,0.05,9,72|31|126,35,all_filtered,9,True,D:\Running_Place\PostGraduateProjects\Experiments\PostGraduate\backbones\DisperssionWithSADG\Seg-SADG\rho0p05\shot3\Seed1
Seg-SADG,Seg-SADG,Seg-SADG,0.05,0.5,0.05,rho0p05,new_training,3,1,41,0.12096906618939506,0.12065974871317546,0.006186317393763198,0.10978245983521144,0.18243547777334848,0.05,9,72|31|126,35,all_filtered,9,True,D:\Running_Place\PostGraduateProjects\Experiments\PostGraduate\backbones\DisperssionWithSADG\Seg-SADG\rho0p05\shot3\Seed1
Seg-SADG,Seg-SADG,Seg-SADG,0.05,0.5,0.05,rho0p05,new_training,3,1,42,0.1178887900378969,0.11757868362797631,0.006202125042263005,0.10659903701808718,0.1816590428352356,0.05,9,72|31|126,35,all_filtered,9,True,D:\Running_Place\PostGraduateProjects\Experiments\PostGraduate\backbones\DisperssionWithSADG\Seg-SADG\rho0p05\shot3\Seed1
Seg-SADG,Seg-SADG,Seg-SADG,0.05,0.5,0.05,rho0p05,new_training,3,1,43,0.1138932862215572,0.11357721520794763,0.006321420789592796,0.10322641415728463,0.17098814414607155,0.05,9,72|31|126,35,all_filtered,9,True,D:\Running_Place\PostGraduateProjects\Experiments\PostGraduate\backbones\DisperssionWithSADG\Seg-SADG\rho0p05\shot3\Seed1
Seg-SADG,Seg-SADG,Seg-SADG,0.05,0.5,0.05,rho0p05,new_training,3,1,44,0.11026038891739315,0.10995326936244965,0.006142359433902634,0.09997715801000595,0.16787077652083504,0.05,9,72|31|126,35,all_filtered,9,True,D:\Running_Place\PostGraduateProjects\Experiments\PostGraduate\backbones\DisperssionWithSADG\Seg-SADG\rho0p05\shot3\Seed1
Seg-SADG,Seg-SADG,Seg-SADG,0.05,0.5,0.05,rho0p05,new_training,3,1,45,0.11091932985517713,0.11058250814676285,0.006736432823042075,0.09843382073773278,0.19693382415506575,0.05,9,72|31|126,35,all_filtered,9,True,D:\Running_Place\PostGraduateProjects\Experiments\PostGraduate\backbones\DisperssionWithSADG\Seg-SADG\rho0p05\shot3\Seed1
Seg-SADG,Seg-SADG,Seg-SADG,0.05,0.5,0.05,rho0p05,new_training,3,1,46,0.10578389962514241,0.1054478461543719,0.0067210870587991346,0.09494372291697396,0.1690906865729226,0.05,9,72|31|126,35,all_filtered,9,True,D:\Running_Place\PostGraduateProjects\Experiments\PostGraduate\backbones\DisperssionWithSADG\Seg-SADG\rho0p05\shot3\Seed1
Seg-SADG,Seg-SADG,Seg-SADG,0.05,0.5,0.05,rho0p05,new_training,3,1,47,0.1025371981991662,0.10222906702094608,0.006162631584124433,0.09307603538036346,0.15487042400572035,0.05,9,72|31|126,35,all_filtered,9,True,D:\Running_Place\PostGraduateProjects\Experiments\PostGraduate\backbones\DisperssionWithSADG\Seg-SADG\rho0p05\shot3\Seed1
Seg-SADG,Seg-SADG,Seg-SADG,0.05,0.5,0.05,rho0p05,new_training,3,1,48,0.09962336719036102,0.09931129465500514,0.006241464469995763,0.08981948180331124,0.1563153001997206,0.05,9,72|31|126,35,all_filtered,9,True,D:\Running_Place\PostGraduateProjects\Experiments\PostGraduate\backbones\DisperssionWithSADG\Seg-SADG\rho0p05\shot3\Seed1
Seg-SADG,Seg-SADG,Seg-SADG,0.05,0.5,0.05,rho0p05,new_training,3,1,49,0.09751460370090273,0.09722783747646543,0.0057353176590469145,0.08748057070705625,0.1534743375248379,0.05,9,72|31|126,35,all_filtered,9,True,D:\Running_Place\PostGraduateProjects\Experiments\PostGraduate\backbones\DisperssionWithSADG\Seg-SADG\rho0p05\shot3\Seed1
Seg-SADG,Seg-SADG,Seg-SADG,0.05,0.5,0.05,rho0p05,new_training,3,1,50,0.09511550433105892,0.0948074600762791,0.006160879662881295,0.08575942698452207,0.1470758310622639,0.05,9,72|31|126,35,all_filtered,9,True,D:\Running_Place\PostGraduateProjects\Experiments\PostGraduate\backbones\DisperssionWithSADG\Seg-SADG\rho0p05\shot3\Seed1
Seg-SADG,Seg-SADG,Seg-SADG,0.05,0.5,0.05,rho0p05,new_training,3,1,51,0.09470873491631614,0.09436002704832289,0.006974118813458417,0.08366374423106511,0.1621505485640632,0.05,9,72|31|126,35,all_filtered,9,True,D:\Running_Place\PostGraduateProjects\Experiments\PostGraduate\backbones\DisperssionWithSADG\Seg-SADG\rho0p05\shot3\Seed1
Seg-SADG,Seg-SADG,Seg-SADG,0.05,0.5,0.05,rho0p05,new_training,3,1,52,0.09720067928234737,0.0968775600194931,0.00646238261833787,0.08613432529899809,0.18542073998186323,0.05,9,72|31|126,35,all_filtered,9,True,D:\Running_Place\PostGraduateProjects\Experiments\PostGraduate\backbones\DisperssionWithSADG\Seg-SADG\rho0p05\shot3\Seed1
Seg-SADG,Seg-SADG,Seg-SADG,0.05,0.5,0.05,rho0p05,new_training,3,1,53,0.09714168972439235,0.09682655582825343,0.006302661986814605,0.08476041505734126,0.18613780207104152,0.05,9,72|31|126,35,all_filtered,9,True,D:\Running_Place\PostGraduateProjects\Experiments\PostGraduate\backbones\DisperssionWithSADG\Seg-SADG\rho0p05\shot3\Seed1
Seg-SADG,Seg-SADG,Seg-SADG,0.05,0.5,0.05,rho0p05,new_training,3,1,54,0.09151185469494925,0.09122743043634626,0.005688460181570715,0.08191389424933328,0.15238563219706217,0.05,9,72|31|126,35,all_filtered,9,True,D:\Running_Place\PostGraduateProjects\Experiments\PostGraduate\backbones\DisperssionWithSADG\Seg-SADG\rho0p05\shot3\Seed1
Seg-SADG,Seg-SADG,Seg-SADG,0.05,0.5,0.05,rho0p05,new_training,3,1,55,0.08950474113225937,0.08913326015075047,0.007429616784469949,0.07888863980770111,0.15976720551649728,0.05,9,72|31|126,35,all_filtered,9,True,D:\Running_Place\PostGraduateProjects\Experiments\PostGraduate\backbones\DisperssionWithSADG\Seg-SADG\rho0p05\shot3\Seed1
Seg-SADG,Seg-SADG,Seg-SADG,0.05,0.5,0.05,rho0p05,new_training,3,1,56,0.08530334879954656,0.08499910848008262,0.00608480049090253,0.07621528373824225,0.14075984226332772,0.05,9,72|31|126,35,all_filtered,9,True,D:\Running_Place\PostGraduateProjects\Experiments\PostGraduate\backbones\DisperssionWithSADG\Seg-SADG\rho0p05\shot3\Seed1
Seg-SADG,Seg-SADG,Seg-SADG,0.05,0.5,0.05,rho0p05,new_training,3,1,57,0.08484320259756511,0.0844499667485555,0.007864737624509467,0.07484978602992164,0.15063274734550053,0.05,9,72|31|126,35,all_filtered,9,True,D:\Running_Place\PostGraduateProjects\Experiments\PostGraduate\backbones\DisperssionWithSADG\Seg-SADG\rho0p05\shot3\Seed1
Seg-SADG,Seg-SADG,Seg-SADG,0.05,0.5,0.05,rho0p05,new_training,3,1,58,0.08167435394393073,0.08133498496479458,0.006787365975065364,0.07263360917568207,0.13798580484257805,0.05,9,72|31|126,35,all_filtered,9,True,D:\Running_Place\PostGraduateProjects\Experiments\PostGraduate\backbones\DisperssionWithSADG\Seg-SADG\rho0p05\shot3\Seed1
Seg-SADG,Seg-SADG,Seg-SADG,0.05,0.5,0.05,rho0p05,new_training,3,1,59,0.07911735441949633,0.0787752519051234,0.006842069276091125,0.0705040693283081,0.13181169662210676,0.05,9,72|31|126,35,all_filtered,9,True,D:\Running_Place\PostGraduateProjects\Experiments\PostGraduate\backbones\DisperssionWithSADG\Seg-SADG\rho0p05\shot3\Seed1
Seg-SADG,Seg-SADG,Seg-SADG,0.05,0.5,0.05,rho0p05,new_training,3,1,60,0.07582684440745248,0.07550634940465291,0.006409911594043176,0.06793860263294643,0.12089655713902579,0.05,9,72|31|126,35,all_filtered,9,True,D:\Running_Place\PostGraduateProjects\Experiments\PostGraduate\backbones\DisperssionWithSADG\Seg-SADG\rho0p05\shot3\Seed1
Seg-SADG,Seg-SADG,Seg-SADG,0.05,0.5,0.05,rho0p05,new_training,3,1,61,0.07403787225484848,0.07372330874204636,0.006291276723560359,0.06577785313129425,0.1245739691787296,0.05,9,72|31|126,35,all_filtered,9,True,D:\Running_Place\PostGraduateProjects\Experiments\PostGraduate\backbones\DisperssionWithSADG\Seg-SADG\rho0p05\shot3\Seed1
Seg-SADG,Seg-SADG,Seg-SADG,0.05,0.5,0.05,rho0p05,new_training,3,1,62,0.07472401609023412,0.07437427341938019,0.006994850933551788,0.06487011081642574,0.14197883423831728,0.05,9,72|31|126,35,all_filtered,9,True,D:\Running_Place\PostGraduateProjects\Experiments\PostGraduate\backbones\DisperssionWithSADG\Seg-SADG\rho0p05\shot3\Seed1
Seg-SADG,Seg-SADG,Seg-SADG,0.05,0.5,0.05,rho0p05,new_training,3,1,63,0.0736543122265074,0.07332784765296513,0.006529281381517649,0.0640059941344791,0.14156346933709252,0.05,9,72|31|126,35,all_filtered,9,True,D:\Running_Place\PostGraduateProjects\Experiments\PostGraduate\backbones\DisperssionWithSADG\Seg-SADG\rho0p05\shot3\Seed1
Seg-SADG,Seg-SADG,Seg-SADG,0.05,0.5,0.05,rho0p05,new_training,3,1,64,0.07495572252406014,0.0746107084883584,0.006900288009395202,0.06412738520238134,0.15771923296981388,0.05,9,72|31|126,35,all_filtered,9,True,D:\Running_Place\PostGraduateProjects\Experiments\PostGraduate\backbones\DisperssionWithSADG\Seg-SADG\rho0p05\shot3\Seed1
Seg-SADG,Seg-SADG,Seg-SADG,0.05,0.5,0.05,rho0p05,new_training,3,1,65,0.07251671701669693,0.07216600908173455,0.007014184672799375,0.06298303893870777,0.143102684782611,0.05,9,72|31|126,35,all_filtered,9,True,D:\Running_Place\PostGraduateProjects\Experiments\PostGraduate\backbones\DisperssionWithSADG\Seg-SADG\rho0p05\shot3\Seed1
Seg-SADG,Seg-SADG,Seg-SADG,0.05,0.5,0.05,rho0p05,new_training,3,1,66,0.07325240472952525,0.07289676119883855,0.007112867974986632,0.06304778282841046,0.14594917992750803,0.05,9,72|31|126,35,all_filtered,9,True,D:\Running_Place\PostGraduateProjects\Experiments\PostGraduate\backbones\DisperssionWithSADG\Seg-SADG\rho0p05\shot3\Seed1
Seg-SADG,Seg-SADG,Seg-SADG,0.05,0.5,0.05,rho0p05,new_training,3,1,67,0.07141673896047804,0.0710975436700715,0.006383916311379936,0.06220963017808066,0.1402981322672632,0.05,9,72|31|126,35,all_filtered,9,True,D:\Running_Place\PostGraduateProjects\Experiments\PostGraduate\backbones\DisperssionWithSADG\Seg-SADG\rho0p05\shot3\Seed1
Seg-SADG,Seg-SADG,Seg-SADG,0.05,0.5,0.05,rho0p05,new_training,3,1,68,0.06822115845150417,0.06788527634408739,0.006717663310054276,0.05988169875409868,0.1207502649890052,0.05,9,72|31|126,35,all_filtered,9,True,D:\Running_Place\PostGraduateProjects\Experiments\PostGraduate\backbones\DisperssionWithSADG\Seg-SADG\rho0p05\shot3\Seed1
Seg-SADG,Seg-SADG,Seg-SADG,0.05,0.5,0.05,rho0p05,new_training,3,1,69,0.06779202529125744,0.06747639262013966,0.006312653577576081,0.059510144094626106,0.1271538825498687,0.05,9,72|31|126,35,all_filtered,9,True,D:\Running_Place\PostGraduateProjects\Experiments\PostGraduate\backbones\DisperssionWithSADG\Seg-SADG\rho0p05\shot3\Seed1
Seg-SADG,Seg-SADG,Seg-SADG,0.05,0.5,0.05,rho0p05,new_training,3,1,70,0.06721091974112722,0.06688614644938046,0.006495476338184542,0.05801811690131823,0.13573063910007477,0.05,9,72|31|126,35,all_filtered,9,True,D:\Running_Place\PostGraduateProjects\Experiments\PostGraduate\backbones\DisperssionWithSADG\Seg-SADG\rho0p05\shot3\Seed1
Seg-SADG,Seg-SADG,Seg-SADG,0.05,0.5,0.05,rho0p05,new_training,3,1,71,0.06683450606134203,0.06651401023070018,0.006409910559240315,0.056865084916353226,0.14126812501086128,0.05,9,72|31|126,35,all_filtered,9,True,D:\Running_Place\PostGraduateProjects\Experiments\PostGraduate\backbones\DisperssionWithSADG\Seg-SADG\rho0p05\shot3\Seed1
Seg-SADG,Seg-SADG,Seg-SADG,0.05,0.5,0.05,rho0p05,new_training,3,1,72,0.06506489838163058,0.06478074234392908,0.005683129032452901,0.056549870719512306,0.12488647053639094,0.05,9,72|31|126,35,all_filtered,9,True,D:\Running_Place\PostGraduateProjects\Experiments\PostGraduate\backbones\DisperssionWithSADG\Seg-SADG\rho0p05\shot3\Seed1
Seg-SADG,Seg-SADG,Seg-SADG,0.05,0.5,0.05,rho0p05,new_training,3,1,73,0.06262022091282739,0.062317180136839546,0.006060810190522009,0.054443799787097506,0.11658174792925517,0.05,9,72|31|126,35,all_filtered,9,True,D:\Running_Place\PostGraduateProjects\Experiments\PostGraduate\backbones\DisperssionWithSADG\Seg-SADG\rho0p05\shot3\Seed1
Seg-SADG,Seg-SADG,Seg-SADG,0.05,0.5,0.05,rho0p05,new_training,3,1,74,0.06509194730056657,0.0647740869058503,0.0063572172075510025,0.05558589638935195,0.13629752066400316,0.05,9,72|31|126,35,all_filtered,9,True,D:\Running_Place\PostGraduateProjects\Experiments\PostGraduate\backbones\DisperssionWithSADG\Seg-SADG\rho0p05\shot3\Seed1
Seg-SADG,Seg-SADG,Seg-SADG,0.05,0.5,0.05,rho0p05,new_training,3,1,75,0.06426760305960973,0.06396874619854821,0.005977133082018958,0.055435799062252045,0.13266728818416595,0.05,9,72|31|126,35,all_filtered,9,True,D:\Running_Place\PostGraduateProjects\Experiments\PostGraduate\backbones\DisperssionWithSADG\Seg-SADG\rho0p05\shot3\Seed1
Seg-SADG,Seg-SADG,Seg-SADG,0.05,0.5,0.05,rho0p05,new_training,3,1,76,0.0629923509226905,0.06270258376995723,0.005795336949328582,0.05422925452391306,0.13198038438955942,0.05,9,72|31|126,35,all_filtered,9,True,D:\Running_Place\PostGraduateProjects\Experiments\PostGraduate\backbones\DisperssionWithSADG\Seg-SADG\rho0p05\shot3\Seed1
Seg-SADG,Seg-SADG,Seg-SADG,0.05,0.5,0.05,rho0p05,new_training,3,1,77,0.06116431703170141,0.06086841639545229,0.0059180159328712355,0.052906210637754865,0.12434722897079256,0.05,9,72|31|126,35,all_filtered,9,True,D:\Running_Place\PostGraduateProjects\Experiments\PostGraduate\backbones\DisperssionWithSADG\Seg-SADG\rho0p05\shot3\Seed1
Seg-SADG,Seg-SADG,Seg-SADG,0.05,0.5,0.05,rho0p05,new_training,3,1,78,0.06140129226777288,0.06110882510741552,0.005849347967240546,0.051879432880216174,0.1375923032561938,0.05,9,72|31|126,35,all_filtered,9,True,D:\Running_Place\PostGraduateProjects\Experiments\PostGraduate\backbones\DisperssionWithSADG\Seg-SADG\rho0p05\shot3\Seed1
Seg-SADG,Seg-SADG,Seg-SADG,0.05,0.5,0.05,rho0p05,new_training,3,1,79,0.05999229144718912,0.05971387359831068,0.005568351079192426,0.05078546702861786,0.13028919614023632,0.05,9,72|31|126,35,all_filtered,9,True,D:\Running_Place\PostGraduateProjects\Experiments\PostGraduate\backbones\DisperssionWithSADG\Seg-SADG\rho0p05\shot3\Seed1
Seg-SADG,Seg-SADG,Seg-SADG,0.05,0.5,0.05,rho0p05,new_training,3,1,80,0.061331796563333936,0.06102567497226927,0.00612242959646715,0.051415491849184036,0.14673355138964123,0.05,9,72|31|126,35,all_filtered,9,True,D:\Running_Place\PostGraduateProjects\Experiments\PostGraduate\backbones\DisperssionWithSADG\Seg-SADG\rho0p05\shot3\Seed1
Seg-SADG,Seg-SADG,Seg-SADG,0.05,0.5,0.05,rho0p05,new_training,3,1,81,0.06199802913599544,0.0617213828696145,0.005532938987016678,0.051842018547985286,0.15130262242423165,0.05,9,72|31|126,35,all_filtered,9,True,D:\Running_Place\PostGraduateProjects\Experiments\PostGraduate\backbones\DisperssionWithSADG\Seg-SADG\rho0p05\shot3\Seed1
Seg-SADG,Seg-SADG,Seg-SADG,0.05,0.5,0.05,rho0p05,new_training,3,1,82,0.06134201006756888,0.06105485558509827,0.005743094461245669,0.05134513808621301,0.14479565289285448,0.05,9,72|31|126,35,all_filtered,9,True,D:\Running_Place\PostGraduateProjects\Experiments\PostGraduate\backbones\DisperssionWithSADG\Seg-SADG\rho0p05\shot3\Seed1
Seg-SADG,Seg-SADG,Seg-SADG,0.05,0.5,0.05,rho0p05,new_training,3,1,83,0.058363275395499334,0.05807620700862673,0.005741364426083035,0.05010882765054703,0.11964859813451767,0.05,9,72|31|126,35,all_filtered,9,True,D:\Running_Place\PostGraduateProjects\Experiments\PostGraduate\backbones\DisperssionWithSADG\Seg-SADG\rho0p05\shot3\Seed1
Seg-SADG,Seg-SADG,Seg-SADG,0.05,0.5,0.05,rho0p05,new_training,3,1,84,0.057352045757902995,0.05709234459532632,0.005194021285408073,0.04940728387898869,0.11804151866171095,0.05,9,72|31|126,35,all_filtered,9,True,D:\Running_Place\PostGraduateProjects\Experiments\PostGraduate\backbones\DisperssionWithSADG\Seg-SADG\rho0p05\shot3\Seed1
Seg-SADG,Seg-SADG,Seg-SADG,0.05,0.5,0.05,rho0p05,new_training,3,1,85,0.05613565527730518,0.05587622564699915,0.005188606886400117,0.0481247752904892,0.12106544607215458,0.05,9,72|31|126,35,all_filtered,9,True,D:\Running_Place\PostGraduateProjects\Experiments\PostGraduate\backbones\DisperssionWithSADG\Seg-SADG\rho0p05\shot3\Seed1
Seg-SADG,Seg-SADG,Seg-SADG,0.05,0.5,0.05,rho0p05,new_training,3,1,86,0.05454181590014034,0.05427014662159814,0.005433382104254431,0.046586966349018946,0.11743786682685216,0.05,9,72|31|126,35,all_filtered,9,True,D:\Running_Place\PostGraduateProjects\Experiments\PostGraduate\backbones\DisperssionWithSADG\Seg-SADG\rho0p05\shot3\Seed1
Seg-SADG,Seg-SADG,Seg-SADG,0.05,0.5,0.05,rho0p05,new_training,3,1,87,0.053527071244186826,0.05327451849977175,0.005051042884588242,0.04592829901311132,0.1126395786801974,0.05,9,72|31|126,35,all_filtered,9,True,D:\Running_Place\PostGraduateProjects\Experiments\PostGraduate\backbones\DisperssionWithSADG\Seg-SADG\rho0p05\shot3\Seed1
Seg-SADG,Seg-SADG,Seg-SADG,0.05,0.5,0.05,rho0p05,new_training,3,1,88,0.0521566044125292,0.05190681707527903,0.0049957407431470025,0.044285372727447085,0.11133663273519939,0.05,9,72|31|126,35,all_filtered,9,True,D:\Running_Place\PostGraduateProjects\Experiments\PostGraduate\backbones\DisperssionWithSADG\Seg-SADG\rho0p05\shot3\Seed1
Seg-SADG,Seg-SADG,Seg-SADG,0.05,0.5,0.05,rho0p05,new_training,3,1,89,0.05065564645661248,0.050419541282786265,0.004722099647753769,0.04357668260733286,0.10060831573274401,0.05,9,72|31|126,35,all_filtered,9,True,D:\Running_Place\PostGraduateProjects\Experiments\PostGraduate\backbones\DisperssionWithSADG\Seg-SADG\rho0p05\shot3\Seed1
Seg-SADG,Seg-SADG,Seg-SADG,0.05,0.5,0.05,rho0p05,new_training,3,1,90,0.052160176552004285,0.05192202081282934,0.004763098330133491,0.04330189691649543,0.12454121890995237,0.05,9,72|31|126,35,all_filtered,9,True,D:\Running_Place\PostGraduateProjects\Experiments\PostGraduate\backbones\DisperssionWithSADG\Seg-SADG\rho0p05\shot3\Seed1
Seg-SADG,Seg-SADG,Seg-SADG,0.05,0.5,0.05,rho0p05,new_training,3,1,91,0.050696643276347056,0.050458315345976085,0.004766550691177447,0.04327149399452739,0.11164384831984837,0.05,9,72|31|126,35,all_filtered,9,True,D:\Running_Place\PostGraduateProjects\Experiments\PostGraduate\backbones\DisperssionWithSADG\Seg-SADG\rho0p05\shot3\Seed1
Seg-SADG,Seg-SADG,Seg-SADG,0.05,0.5,0.05,rho0p05,new_training,3,1,92,0.04911900021963649,0.048876782258351646,0.004844359898318847,0.04196906379527516,0.10462363395426008,0.05,9,72|31|126,35,all_filtered,9,True,D:\Running_Place\PostGraduateProjects\Experiments\PostGraduate\backbones\DisperssionWithSADG\Seg-SADG\rho0p05\shot3\Seed1
Seg-SADG,Seg-SADG,Seg-SADG,0.05,0.5,0.05,rho0p05,new_training,3,1,93,0.048234215627113976,0.04800141313009792,0.004656055528256629,0.041003393216265574,0.10488587783442603,0.05,9,72|31|126,35,all_filtered,9,True,D:\Running_Place\PostGraduateProjects\Experiments\PostGraduate\backbones\DisperssionWithSADG\Seg-SADG\rho0p05\shot3\Seed1
Seg-SADG,Seg-SADG,Seg-SADG,0.05,0.5,0.05,rho0p05,new_training,3,1,94,0.04653728215230836,0.046304307878017426,0.004659474232337541,0.039730405228005514,0.0970325983232922,0.05,9,72|31|126,35,all_filtered,9,True,D:\Running_Place\PostGraduateProjects\Experiments\PostGraduate\backbones\DisperssionWithSADG\Seg-SADG\rho0p05\shot3\Seed1
Seg-SADG,Seg-SADG,Seg-SADG,0.05,0.5,0.05,rho0p05,new_training,3,1,95,0.0457181189623144,0.04549203813076019,0.004521607654169202,0.03890426125791338,0.09436684184604222,0.05,9,72|31|126,35,all_filtered,9,True,D:\Running_Place\PostGraduateProjects\Experiments\PostGraduate\backbones\DisperssionWithSADG\Seg-SADG\rho0p05\shot3\Seed1
Seg-SADG,Seg-SADG,Seg-SADG,0.05,0.5,0.05,rho0p05,new_training,3,1,96,0.04552497838934263,0.045326276785797544,0.003974035227050384,0.03851601771182484,0.10113998999198277,0.05,9,72|31|126,35,all_filtered,9,True,D:\Running_Place\PostGraduateProjects\Experiments\PostGraduate\backbones\DisperssionWithSADG\Seg-SADG\rho0p05\shot3\Seed1
Seg-SADG,Seg-SADG,Seg-SADG,0.05,0.5,0.05,rho0p05,new_training,3,1,97,0.04744376035200225,0.04722446741329299,0.004385854143442379,0.039233114984300405,0.11923189957936604,0.05,9,72|31|126,35,all_filtered,9,True,D:\Running_Place\PostGraduateProjects\Experiments\PostGraduate\backbones\DisperssionWithSADG\Seg-SADG\rho0p05\shot3\Seed1
Seg-SADG,Seg-SADG,Seg-SADG,0.05,0.5,0.05,rho0p05,new_training,3,1,98,0.04764685407280922,0.0474043016632398,0.004851039395564132,0.03934962385230594,0.12268203662501441,0.05,9,72|31|126,35,all_filtered,9,True,D:\Running_Place\PostGraduateProjects\Experiments\PostGraduate\backbones\DisperssionWithSADG\Seg-SADG\rho0p05\shot3\Seed1
Seg-SADG,Seg-SADG,Seg-SADG,0.05,0.5,0.05,rho0p05,new_training,3,1,99,0.04689962002966139,0.046675067808892995,0.0044910462521430515,0.03917676955461502,0.11453532924254735,0.05,9,72|31|126,35,all_filtered,9,True,D:\Running_Place\PostGraduateProjects\Experiments\PostGraduate\backbones\DisperssionWithSADG\Seg-SADG\rho0p05\shot3\Seed1
Seg-SADG,Seg-SADG,Seg-SADG,0.05,0.5,0.05,rho0p05,new_training,3,1,100,0.0443741956518756,0.0441614513595899,0.004254882120423847,0.03779542197783788,0.09712235381205876,0.05,9,72|31|126,35,all_filtered,9,True,D:\Running_Place\PostGraduateProjects\Experiments\PostGraduate\backbones\DisperssionWithSADG\Seg-SADG\rho0p05\shot3\Seed1
Seg-SADG,Seg-SADG,Seg-SADG,0.05,0.5,0.05,rho0p05,new_training,3,1,101,0.043874714937474996,0.043653365638520986,0.004426994205762942,0.03700317359632916,0.10028635379340914,0.05,9,72|31|126,35,all_filtered,9,True,D:\Running_Place\PostGraduateProjects\Experiments\PostGraduate\backbones\DisperssionWithSADG\Seg-SADG\rho0p05\shot3\Seed1
Seg-SADG,Seg-SADG,Seg-SADG,0.05,0.5,0.05,rho0p05,new_training,3,1,102,0.044542990210983485,0.04433882567617628,0.004083284849507941,0.03659569596250852,0.11349090188741684,0.05,9,72|31|126,35,all_filtered,9,True,D:\Running_Place\PostGraduateProjects\Experiments\PostGraduate\backbones\DisperssionWithSADG\Seg-SADG\rho0p05\shot3\Seed1
Seg-SADG,Seg-SADG,Seg-SADG,0.05,0.5,0.05,rho0p05,new_training,3,1,103,0.04513841039604611,0.044923461559746,0.004298973647463653,0.03659807642300924,0.12480832056866752,0.05,9,72|31|126,35,all_filtered,9,True,D:\Running_Place\PostGraduateProjects\Experiments\PostGraduate\backbones\DisperssionWithSADG\Seg-SADG\rho0p05\shot3\Seed1
Seg-SADG,Seg-SADG,Seg-SADG,0.05,0.5,0.05,rho0p05,new_training,3,1,104,0.04477952420711517,0.0445791015194522,0.0040084676454878515,0.03662685180703799,0.11788266400496165,0.05,9,72|31|126,35,all_filtered,9,True,D:\Running_Place\PostGraduateProjects\Experiments\PostGraduate\backbones\DisperssionWithSADG\Seg-SADG\rho0p05\shot3\Seed1
Seg-SADG,Seg-SADG,Seg-SADG,0.05,0.5,0.05,rho0p05,new_training,3,1,105,0.042482555326488286,0.04227423088418113,0.004166486569576793,0.03540936029619641,0.10225146429406272,0.05,9,72|31|126,35,all_filtered,9,True,D:\Running_Place\PostGraduateProjects\Experiments\PostGraduate\backbones\DisperssionWithSADG\Seg-SADG\rho0p05\shot3\Seed1
Seg-SADG,Seg-SADG,Seg-SADG,0.05,0.5,0.05,rho0p05,new_training,3,1,106,0.043549159748686686,0.04333839358554946,0.004215310974460509,0.03598172962665558,0.11205524040593041,0.05,9,72|31|126,35,all_filtered,9,True,D:\Running_Place\PostGraduateProjects\Experiments\PostGraduate\backbones\DisperssionWithSADG\Seg-SADG\rho0p05\shot3\Seed1
Seg-SADG,Seg-SADG,Seg-SADG,0.05,0.5,0.05,rho0p05,new_training,3,1,107,0.0418959433833758,0.041679403020275965,0.004330801777541637,0.0350221482415994,0.10035993821091121,0.05,9,72|31|126,35,all_filtered,9,True,D:\Running_Place\PostGraduateProjects\Experiments\PostGraduate\backbones\DisperssionWithSADG\Seg-SADG\rho0p05\shot3\Seed1
Seg-SADG,Seg-SADG,Seg-SADG,0.05,0.5,0.05,rho0p05,new_training,3,1,108,0.04143825587299135,0.04123808898859554,0.004003338515758514,0.03433589181966252,0.10332950618531969,0.05,9,72|31|126,35,all_filtered,9,True,D:\Running_Place\PostGraduateProjects\Experiments\PostGraduate\backbones\DisperssionWithSADG\Seg-SADG\rho0p05\shot3\Seed1
Seg-SADG,Seg-SADG,Seg-SADG,0.05,0.5,0.05,rho0p05,new_training,3,1,109,0.039275078309906855,0.03908587909407086,0.003783995078669654,0.03310625275803937,0.09168027341365814,0.05,9,72|31|126,35,all_filtered,9,True,D:\Running_Place\PostGraduateProjects\Experiments\PostGraduate\backbones\DisperssionWithSADG\Seg-SADG\rho0p05\shot3\Seed1
Seg-SADG,Seg-SADG,Seg-SADG,0.05,0.5,0.05,rho0p05,new_training,3,1,110,0.03818660436405076,0.038007904258039266,0.0035740007491161427,0.032253135409620076,0.08668374684121874,0.05,9,72|31|126,35,all_filtered,9,True,D:\Running_Place\PostGraduateProjects\Experiments\PostGraduate\backbones\DisperssionWithSADG\Seg-SADG\rho0p05\shot3\Seed1
Seg-SADG,Seg-SADG,Seg-SADG,0.05,0.5,0.05,rho0p05,new_training,3,1,111,0.03889258371459113,0.038713053282764226,0.003590614897095495,0.03192695871823364,0.09870806419187123,0.05,9,72|31|126,35,all_filtered,9,True,D:\Running_Place\PostGraduateProjects\Experiments\PostGraduate\backbones\DisperssionWithSADG\Seg-SADG\rho0p05\shot3\Seed1
Seg-SADG,Seg-SADG,Seg-SADG,0.05,0.5,0.05,rho0p05,new_training,3,1,112,0.040139872994687825,0.039953713615735374,0.003723179507586691,0.0323395197176271,0.11228595260116789,0.05,9,72|31|126,35,all_filtered,9,True,D:\Running_Place\PostGraduateProjects\Experiments\PostGraduate\backbones\DisperssionWithSADG\Seg-SADG\rho0p05\shot3\Seed1
Seg-SADG,Seg-SADG,Seg-SADG,0.05,0.5,0.05,rho0p05,new_training,3,1,113,0.03878261480066511,0.0385996802813477,0.0036586886013133656,0.03206338816218906,0.10031135463052326,0.05,9,72|31|126,35,all_filtered,9,True,D:\Running_Place\PostGraduateProjects\Experiments\PostGraduate\backbones\DisperssionWithSADG\Seg-SADG\rho0p05\shot3\Seed1
Seg-SADG,Seg-SADG,Seg-SADG,0.05,0.5,0.05,rho0p05,new_training,3,1,114,0.03705264710717731,0.03687312122848299,0.003590508545231488,0.03114532306790352,0.0869109688533677,0.05,9,72|31|126,35,all_filtered,9,True,D:\Running_Place\PostGraduateProjects\Experiments\PostGraduate\backbones\DisperssionWithSADG\Seg-SADG\rho0p05\shot3\Seed1
Seg-SADG,Seg-SADG,Seg-SADG,0.05,0.5,0.05,rho0p05,new_training,3,1,115,0.03656334968076812,0.03639206952518887,0.0034256030598448384,0.0301845810479588,0.09131497724188699,0.05,9,72|31|126,35,all_filtered,9,True,D:\Running_Place\PostGraduateProjects\Experiments\PostGraduate\backbones\DisperssionWithSADG\Seg-SADG\rho0p05\shot3\Seed1
Seg-SADG,Seg-SADG,Seg-SADG,0.05,0.5,0.05,rho0p05,new_training,3,1,116,0.03688115750749906,0.036720667448308736,0.0032097805653595263,0.029962444057067234,0.09937461300028695,0.05,9,72|31|126,35,all_filtered,9,True,D:\Running_Place\PostGraduateProjects\Experiments\PostGraduate\backbones\DisperssionWithSADG\Seg-SADG\rho0p05\shot3\Seed1
Seg-SADG,Seg-SADG,Seg-SADG,0.05,0.5,0.05,rho0p05,new_training,3,1,117,0.03615582548081875,0.035989709198474884,0.0033223384525626898,0.029638388711545203,0.09522889057795207,0.05,9,72|31|126,35,all_filtered,9,True,D:\Running_Place\PostGraduateProjects\Experiments\PostGraduate\backbones\DisperssionWithSADG\Seg-SADG\rho0p05\shot3\Seed1
Seg-SADG,Seg-SADG,Seg-SADG,0.05,0.5,0.05,rho0p05,new_training,3,1,118,0.03566391973031892,0.035498505665196314,0.003308290486327476,0.02919571867419614,0.09367397096421984,0.05,9,72|31|126,35,all_filtered,9,True,D:\Running_Place\PostGraduateProjects\Experiments\PostGraduate\backbones\DisperssionWithSADG\Seg-SADG\rho0p05\shot3\Seed1
Seg-SADG,Seg-SADG,Seg-SADG,0.05,0.5,0.05,rho0p05,new_training,3,1,119,0.03556794714596537,0.03539982893400722,0.0033623649635248715,0.02923737197286553,0.09285933358801736,0.05,9,72|31|126,35,all_filtered,9,True,D:\Running_Place\PostGraduateProjects\Experiments\PostGraduate\backbones\DisperssionWithSADG\Seg-SADG\rho0p05\shot3\Seed1
Seg-SADG,Seg-SADG,Seg-SADG,0.05,0.5,0.05,rho0p05,new_training,3,1,120,0.036449080540074244,0.03627644686235322,0.0034526777195019853,0.0292684824930297,0.10372176849179798,0.05,9,72|31|126,35,all_filtered,9,True,D:\Running_Place\PostGraduateProjects\Experiments\PostGraduate\backbones\DisperssionWithSADG\Seg-SADG\rho0p05\shot3\Seed1
Seg-SADG,Seg-SADG,Seg-SADG,0.05,0.5,0.05,rho0p05,new_training,3,1,121,0.037120153506596885,0.0369521358774768,0.0033603492192924023,0.029766505377160177,0.11006865815983878,0.05,9,72|31|126,35,all_filtered,9,True,D:\Running_Place\PostGraduateProjects\Experiments\PostGraduate\backbones\DisperssionWithSADG\Seg-SADG\rho0p05\shot3\Seed1
Seg-SADG,Seg-SADG,Seg-SADG,0.05,0.5,0.05,rho0p05,new_training,3,1,122,0.03503561827043692,0.03487611934542656,0.0031899774654044043,0.028647848301463656,0.09337774912516277,0.05,9,72|31|126,35,all_filtered,9,True,D:\Running_Place\PostGraduateProjects\Experiments\PostGraduate\backbones\DisperssionWithSADG\Seg-SADG\rho0p05\shot3\Seed1
Seg-SADG,Seg-SADG,Seg-SADG,0.05,0.5,0.05,rho0p05,new_training,3,1,123,0.03617628580994076,0.03599520193205939,0.0036216731338451305,0.02917101586030589,0.10474835005071428,0.05,9,72|31|126,35,all_filtered,9,True,D:\Running_Place\PostGraduateProjects\Experiments\PostGraduate\backbones\DisperssionWithSADG\Seg-SADG\rho0p05\shot3\Seed1
Seg-SADG,Seg-SADG,Seg-SADG,0.05,0.5,0.05,rho0p05,new_training,3,1,124,0.03547566052940157,0.0353091164595551,0.0033308760159545476,0.028512086305353377,0.1037037107679579,0.05,9,72|31|126,35,all_filtered,9,True,D:\Running_Place\PostGraduateProjects\Experiments\PostGraduate\backbones\DisperssionWithSADG\Seg-SADG\rho0p05\shot3\Seed1
Seg-SADG,Seg-SADG,Seg-SADG,0.05,0.5,0.05,rho0p05,new_training,3,1,125,0.03520670740140809,0.03504343620604939,0.0032654214495172105,0.028047756602366764,0.10299226476086511,0.05,9,72|31|126,35,all_filtered,9,True,D:\Running_Place\PostGraduateProjects\Experiments\PostGraduate\backbones\DisperssionWithSADG\Seg-SADG\rho0p05\shot3\Seed1
Seg-SADG,Seg-SADG,Seg-SADG,0.05,0.5,0.05,rho0p05,new_training,3,1,126,0.034326094720098704,0.03417122239867846,0.0030974591564801005,0.02782493643462658,0.09920210225714578,0.05,9,72|31|126,35,all_filtered,9,True,D:\Running_Place\PostGraduateProjects\Experiments\PostGraduate\backbones\DisperssionWithSADG\Seg-SADG\rho0p05\shot3\Seed1
Seg-SADG,Seg-SADG,Seg-SADG,0.05,0.5,0.05,rho0p05,new_training,3,1,127,0.03915818490915828,0.03899871102637715,0.003189472248777747,0.030689105184541807,0.11542172067695194,0.05,9,72|31|126,35,all_filtered,9,True,D:\Running_Place\PostGraduateProjects\Experiments\PostGraduate\backbones\DisperssionWithSADG\Seg-SADG\rho0p05\shot3\Seed1
Seg-SADG,Seg-SADG,Seg-SADG,0.05,0.5,0.05,rho0p05,new_training,3,1,128,0.05155859970384174,0.05133921321895388,0.004387730344509085,0.03949235214127435,0.19382715390788186,0.05,9,72|31|126,35,all_filtered,9,True,D:\Running_Place\PostGraduateProjects\Experiments\PostGraduate\backbones\DisperssionWithSADG\Seg-SADG\rho0p05\shot3\Seed1
Seg-SADG,Seg-SADG,Seg-SADG,0.05,0.5,0.05,rho0p05,new_training,3,1,129,0.04973467977510558,0.049474982337819204,0.005193952522757981,0.03966265834040112,0.163380922542678,0.05,9,72|31|126,35,all_filtered,9,True,D:\Running_Place\PostGraduateProjects\Experiments\PostGraduate\backbones\DisperssionWithSADG\Seg-SADG\rho0p05\shot3\Seed1
Seg-SADG,Seg-SADG,Seg-SADG,0.05,0.5,0.05,rho0p05,new_training,3,1,130,0.04585114783710904,0.04559260234236717,0.005170921044838097,0.036457659055789314,0.14536311394638485,0.05,9,72|31|126,35,all_filtered,9,True,D:\Running_Place\PostGraduateProjects\Experiments\PostGraduate\backbones\DisperssionWithSADG\Seg-SADG\rho0p05\shot3\Seed1
Seg-SADG,Seg-SADG,Seg-SADG,0.05,0.5,0.05,rho0p05,new_training,3,1,131,0.0427223795817958,0.0424822544058164,0.004802507167268131,0.03428987165292104,0.1270726356241438,0.05,9,72|31|126,35,all_filtered,9,True,D:\Running_Place\PostGraduateProjects\Experiments\PostGraduate\backbones\DisperssionWithSADG\Seg-SADG\rho0p05\shot3\Seed1
Seg-SADG,Seg-SADG,Seg-SADG,0.05,0.5,0.05,rho0p05,new_training,3,1,132,0.04048982262611389,0.04027411879764663,0.004314082105540567,0.0327028754270739,0.11741223517391416,0.05,9,72|31|126,35,all_filtered,9,True,D:\Running_Place\PostGraduateProjects\Experiments\PostGraduate\backbones\DisperssionWithSADG\Seg-SADG\rho0p05\shot3\Seed1
Seg-SADG,Seg-SADG,Seg-SADG,0.05,0.5,0.05,rho0p05,new_training,3,1,133,0.03656922446356879,0.03637628505627314,0.003858787938952446,0.030314825268255338,0.0949942742784818,0.05,9,72|31|126,35,all_filtered,9,True,D:\Running_Place\PostGraduateProjects\Experiments\PostGraduate\backbones\DisperssionWithSADG\Seg-SADG\rho0p05\shot3\Seed1
Seg-SADG,Seg-SADG,Seg-SADG,0.05,0.5,0.05,rho0p05,new_training,3,1,134,0.0349220358249214,0.03474741677443186,0.003492383286356926,0.028601296453012362,0.09260947091711892,0.05,9,72|31|126,35,all_filtered,9,True,D:\Running_Place\PostGraduateProjects\Experiments\PostGraduate\backbones\DisperssionWithSADG\Seg-SADG\rho0p05\shot3\Seed1
Seg-SADG,Seg-SADG,Seg-SADG,0.05,0.5,0.05,rho0p05,new_training,3,1,135,0.03395844499270121,0.033801719546318054,0.003134521474647853,0.027676247681180637,0.09137013223436144,0.05,9,72|31|126,35,all_filtered,9,True,D:\Running_Place\PostGraduateProjects\Experiments\PostGraduate\backbones\DisperssionWithSADG\Seg-SADG\rho0p05\shot3\Seed1
Seg-SADG,Seg-SADG,Seg-SADG,0.05,0.5,0.05,rho0p05,new_training,3,1,136,0.03317330280939738,0.033024779210488,0.0029704788596265847,0.026832961787780125,0.09317831198374431,0.05,9,72|31|126,35,all_filtered,9,True,D:\Running_Place\PostGraduateProjects\Experiments\PostGraduate\backbones\DisperssionWithSADG\Seg-SADG\rho0p05\shot3\Seed1
Seg-SADG,Seg-SADG,Seg-SADG,0.05,0.5,0.05,rho0p05,new_training,3,1,137,0.032922920046581164,0.03277958557009697,0.002866690435136358,0.02618354621032874,0.09799776722987492,0.05,9,72|31|126,35,all_filtered,9,True,D:\Running_Place\PostGraduateProjects\Experiments\PostGraduate\backbones\DisperssionWithSADG\Seg-SADG\rho0p05\shot3\Seed1
Seg-SADG,Seg-SADG,Seg-SADG,0.05,0.5,0.05,rho0p05,new_training,3,1,138,0.03145874436530802,0.03131378690401713,0.0028991575559808146,0.02568461373448372,0.08509538488255607,0.05,9,72|31|126,35,all_filtered,9,True,D:\Running_Place\PostGraduateProjects\Experiments\PostGraduate\backbones\DisperssionWithSADG\Seg-SADG\rho0p05\shot3\Seed1
Seg-SADG,Seg-SADG,Seg-SADG,0.05,0.5,0.05,rho0p05,new_training,3,1,139,0.03334582866066032,0.03319878586464458,0.002940843166369531,0.02549205327199565,0.1111014046602779,0.05,9,72|31|126,35,all_filtered,9,True,D:\Running_Place\PostGraduateProjects\Experiments\PostGraduate\backbones\DisperssionWithSADG\Seg-SADG\rho0p05\shot3\Seed1
Seg-SADG,Seg-SADG,Seg-SADG,0.05,0.5,0.05,rho0p05,new_training,3,1,140,0.03196784295141697,0.03182881904972924,0.002780478654636277,0.025453788745734427,0.09623227268457413,0.05,9,72|31|126,35,all_filtered,9,True,D:\Running_Place\PostGraduateProjects\Experiments\PostGraduate\backbones\DisperssionWithSADG\Seg-SADG\rho0p05\shot3\Seed1
Seg-SADG,Seg-SADG,Seg-SADG,0.05,0.5,0.05,rho0p05,new_training,3,1,141,0.03100013525949584,0.03087324048909876,0.002537898434739974,0.024821610500415165,0.09215309553676182,0.05,9,72|31|126,35,all_filtered,9,True,D:\Running_Place\PostGraduateProjects\Experiments\PostGraduate\backbones\DisperssionWithSADG\Seg-SADG\rho0p05\shot3\Seed1
Seg-SADG,Seg-SADG,Seg-SADG,0.05,0.5,0.05,rho0p05,new_training,3,1,142,0.0291324599335591,0.029002724629309442,0.002594707300886512,0.023606282762355275,0.08084667308462991,0.05,9,72|31|126,35,all_filtered,9,True,D:\Running_Place\PostGraduateProjects\Experiments\PostGraduate\backbones\DisperssionWithSADG\Seg-SADG\rho0p05\shot3\Seed1
Seg-SADG,Seg-SADG,Seg-SADG,0.05,0.5,0.05,rho0p05,new_training,3,1,143,0.029491940099332068,0.02936913466287984,0.002456099157118135,0.023235057377152972,0.08814103653033574,0.05,9,72|31|126,35,all_filtered,9,True,D:\Running_Place\PostGraduateProjects\Experiments\PostGraduate\backbones\DisperssionWithSADG\Seg-SADG\rho0p05\shot3\Seed1
Seg-SADG,Seg-SADG,Seg-SADG,0.05,0.5,0.05,rho0p05,new_training,3,1,144,0.028850256154934566,0.028731840145256784,0.002368321538799339,0.02278970181941986,0.08517393718163173,0.05,9,72|31|126,35,all_filtered,9,True,D:\Running_Place\PostGraduateProjects\Experiments\PostGraduate\backbones\DisperssionWithSADG\Seg-SADG\rho0p05\shot3\Seed1
Seg-SADG,Seg-SADG,Seg-SADG,0.05,0.5,0.05,rho0p05,new_training,3,1,145,0.029014780910478696,0.028895442477530904,0.0023867765234576333,0.022673818800184462,0.0908479251795345,0.05,9,72|31|126,35,all_filtered,9,True,D:\Running_Place\PostGraduateProjects\Experiments\PostGraduate\backbones\DisperssionWithSADG\Seg-SADG\rho0p05\shot3\Seed1
Seg-SADG,Seg-SADG,Seg-SADG,0.05,0.5,0.05,rho0p05,new_training,3,1,146,0.027948881395988993,0.027837051699558895,0.0022365970071405172,0.022347351122233603,0.08326923267708884,0.05,9,72|31|126,35,all_filtered,9,True,D:\Running_Place\PostGraduateProjects\Experiments\PostGraduate\backbones\DisperssionWithSADG\Seg-SADG\rho0p05\shot3\Seed1
Seg-SADG,Seg-SADG,Seg-SADG,0.05,0.5,0.05,rho0p05,new_training,3,1,147,0.027319610739747684,0.02720776717695925,0.002236874851708611,0.022083413890666433,0.07915747331248389,0.05,9,72|31|126,35,all_filtered,9,True,D:\Running_Place\PostGraduateProjects\Experiments\PostGraduate\backbones\DisperssionWithSADG\Seg-SADG\rho0p05\shot3\Seed1
Seg-SADG,Seg-SADG,Seg-SADG,0.05,0.5,0.05,rho0p05,new_training,3,1,148,0.02763254712853167,0.02751474351518684,0.00235607438824243,0.021566226043634944,0.08612443423933452,0.05,9,72|31|126,35,all_filtered,9,True,D:\Running_Place\PostGraduateProjects\Experiments\PostGraduate\backbones\DisperssionWithSADG\Seg-SADG\rho0p05\shot3\Seed1
Seg-SADG,Seg-SADG,Seg-SADG,0.05,0.5,0.05,rho0p05,new_training,3,1,149,0.02975261915061209,0.029643069124884076,0.002191005067692863,0.0228307048479716,0.1033208386765586,0.05,9,72|31|126,35,all_filtered,9,True,D:\Running_Place\PostGraduateProjects\Experiments\PostGraduate\backbones\DisperssionWithSADG\Seg-SADG\rho0p05\shot3\Seed1
Seg-SADG,Seg-SADG,Seg-SADG,0.05,0.5,0.05,rho0p05,new_training,3,1,150,0.02852077388928996,0.02840610986782445,0.0022932826541364193,0.02211193409230974,0.09353441910611258,0.05,9,72|31|126,35,all_filtered,9,True,D:\Running_Place\PostGraduateProjects\Experiments\PostGraduate\backbones\DisperssionWithSADG\Seg-SADG\rho0p05\shot3\Seed1
Seg-SADG,Seg-SADG,Seg-SADG,0.05,0.5,0.05,rho0p05,new_training,3,1,151,0.027596758885516062,0.027486755202213924,0.002200074015288717,0.021273520464698475,0.08917218115594652,0.05,9,72|31|126,35,all_filtered,9,True,D:\Running_Place\PostGraduateProjects\Experiments\PostGraduate\backbones\DisperssionWithSADG\Seg-SADG\rho0p05\shot3\Seed1
Seg-SADG,Seg-SADG,Seg-SADG,0.05,0.5,0.05,rho0p05,new_training,3,1,152,0.026575227578481037,0.02647372314499484,0.002030085487705138,0.020950869139697816,0.08150951895448896,0.05,9,72|31|126,35,all_filtered,9,True,D:\Running_Place\PostGraduateProjects\Experiments\PostGraduate\backbones\DisperssionWithSADG\Seg-SADG\rho0p05\shot3\Seed1
Seg-SADG,Seg-SADG,Seg-SADG,0.05,0.5,0.05,rho0p05,new_training,3,1,153,0.024806920232044324,0.0247114896774292,0.0019086091132420632,0.02006657525069184,0.06985514735182126,0.05,9,72|31|126,35,all_filtered,9,True,D:\Running_Place\PostGraduateProjects\Experiments\PostGraduate\backbones\DisperssionWithSADG\Seg-SADG\rho0p05\shot3\Seed1
Seg-SADG,Seg-SADG,Seg-SADG,0.05,0.5,0.05,rho0p05,new_training,3,1,154,0.02547885187798076,0.02537591713998053,0.0020586943978236783,0.019809122507770855,0.08314888262086445,0.05,9,72|31|126,35,all_filtered,9,True,D:\Running_Place\PostGraduateProjects\Experiments\PostGraduate\backbones\DisperssionWithSADG\Seg-SADG\rho0p05\shot3\Seed1
Seg-SADG,Seg-SADG,Seg-SADG,0.05,0.5,0.05,rho0p05,new_training,3,1,155,0.02570577710866928,0.025614708868993655,0.00182137091178447,0.019883412246902783,0.08403064724471834,0.05,9,72|31|126,35,all_filtered,9,True,D:\Running_Place\PostGraduateProjects\Experiments\PostGraduate\backbones\DisperssionWithSADG\Seg-SADG\rho0p05\shot3\Seed1
Seg-SADG,Seg-SADG,Seg-SADG,0.05,0.5,0.05,rho0p05,new_training,3,1,156,0.026512775363193616,0.026419362881117396,0.0018682480634500582,0.020030798597468272,0.09599655949407154,0.05,9,72|31|126,35,all_filtered,9,True,D:\Running_Place\PostGraduateProjects\Experiments\PostGraduate\backbones\DisperssionWithSADG\Seg-SADG\rho0p05\shot3\Seed1
Seg-SADG,Seg-SADG,Seg-SADG,0.05,0.5,0.05,rho0p05,new_training,3,1,157,0.026506669405433867,0.026415241261323292,0.0018285659219448764,0.02008094431625472,0.09492004414399464,0.05,9,72|31|126,35,all_filtered,9,True,D:\Running_Place\PostGraduateProjects\Experiments\PostGraduate\backbones\DisperssionWithSADG\Seg-SADG\rho0p05\shot3\Seed1
Seg-SADG,Seg-SADG,Seg-SADG,0.05,0.5,0.05,rho0p05,new_training,3,1,158,0.028387025412586,0.028273921459913254,0.0022620767768886355,0.020798541605472565,0.11191144254472521,0.05,9,72|31|126,35,all_filtered,9,True,D:\Running_Place\PostGraduateProjects\Experiments\PostGraduate\backbones\DisperssionWithSADG\Seg-SADG\rho0p05\shot3\Seed1
Seg-SADG,Seg-SADG,Seg-SADG,0.05,0.5,0.05,rho0p05,new_training,3,1,159,0.025651740945047803,0.02554615545603964,0.002111710646810631,0.019855975897775754,0.0887220369444953,0.05,9,72|31|126,35,all_filtered,9,True,D:\Running_Place\PostGraduateProjects\Experiments\PostGraduate\backbones\DisperssionWithSADG\Seg-SADG\rho0p05\shot3\Seed1
Seg-SADG,Seg-SADG,Seg-SADG,0.05,0.5,0.05,rho0p05,new_training,3,1,160,0.02551704417500231,0.025419810372922156,0.0019446775808723436,0.019677291727728315,0.0885512340399954,0.05,9,72|31|126,35,all_filtered,9,True,D:\Running_Place\PostGraduateProjects\Experiments\PostGraduate\backbones\DisperssionWithSADG\Seg-SADG\rho0p05\shot3\Seed1
Seg-SADG,Seg-SADG,Seg-SADG,0.05,0.5,0.05,rho0p05,new_training,3,1,161,0.025412773092587788,0.02530772839155462,0.0021008961420092317,0.019352079472608037,0.09269800699419445,0.05,9,72|31|126,35,all_filtered,9,True,D:\Running_Place\PostGraduateProjects\Experiments\PostGraduate\backbones\DisperssionWithSADG\Seg-SADG\rho0p05\shot3\Seed1
Seg-SADG,Seg-SADG,Seg-SADG,0.05,0.5,0.05,rho0p05,new_training,3,1,162,0.024924007347888417,0.024832442816760805,0.0018312932095593875,0.019240167198909655,0.08546306358443366,0.05,9,72|31|126,35,all_filtered,9,True,D:\Running_Place\PostGraduateProjects\Experiments\PostGraduate\backbones\DisperssionWithSADG\Seg-SADG\rho0p05\shot3\Seed1
Seg-SADG,Seg-SADG,Seg-SADG,0.05,0.5,0.05,rho0p05,new_training,3,1,163,0.02425128138727612,0.024160883906814788,0.0018079493505259354,0.018579266137546964,0.08452917221519682,0.05,9,72|31|126,35,all_filtered,9,True,D:\Running_Place\PostGraduateProjects\Experiments\PostGraduate\backbones\DisperssionWithSADG\Seg-SADG\rho0p05\shot3\Seed1
Seg-SADG,Seg-SADG,Seg-SADG,0.05,0.5,0.05,rho0p05,new_training,3,1,164,0.024341078475117683,0.024251940349737804,0.0017827644219828977,0.018378345295786858,0.08614249196317461,0.05,9,72|31|126,35,all_filtered,9,True,D:\Running_Place\PostGraduateProjects\Experiments\PostGraduate\backbones\DisperssionWithSADG\Seg-SADG\rho0p05\shot3\Seed1
Seg-SADG,Seg-SADG,Seg-SADG,0.05,0.5,0.05,rho0p05,new_training,3,1,165,0.023287404742505815,0.023201125984390576,0.001725572497687406,0.018039985042479303,0.08111768712600072,0.05,9,72|31|126,35,all_filtered,9,True,D:\Running_Place\PostGraduateProjects\Experiments\PostGraduate\backbones\DisperssionWithSADG\Seg-SADG\rho0p05\shot3\Seed1
Seg-SADG,Seg-SADG,Seg-SADG,0.05,0.5,0.05,rho0p05,new_training,3,1,166,0.02259697247710493,0.022512001916766167,0.001699413961937858,0.017459127845035657,0.07573908236291674,0.05,9,72|31|126,35,all_filtered,9,True,D:\Running_Place\PostGraduateProjects\Experiments\PostGraduate\backbones\DisperssionWithSADG\Seg-SADG\rho0p05\shot3\Seed1
Seg-SADG,Seg-SADG,Seg-SADG,0.05,0.5,0.05,rho0p05,new_training,3,1,167,0.022910814318392012,0.022828107906712428,0.001654128362942073,0.017792983808451228,0.07932782255940968,0.05,9,72|31|126,35,all_filtered,9,True,D:\Running_Place\PostGraduateProjects\Experiments\PostGraduate\backbones\DisperssionWithSADG\Seg-SADG\rho0p05\shot3\Seed1
Seg-SADG,Seg-SADG,Seg-SADG,0.05,0.5,0.05,rho0p05,new_training,3,1,168,0.022733589634299278,0.022654090283645525,0.0015899846071584357,0.017264936947160296,0.0806979669464959,0.05,9,72|31|126,35,all_filtered,9,True,D:\Running_Place\PostGraduateProjects\Experiments\PostGraduate\backbones\DisperssionWithSADG\Seg-SADG\rho0p05\shot3\Seed1
Seg-SADG,Seg-SADG,Seg-SADG,0.05,0.5,0.05,rho0p05,new_training,3,1,169,0.022518892875976033,0.022434541955590248,0.0016870114745365249,0.017040673022468884,0.0795200185643302,0.05,9,72|31|126,35,all_filtered,9,True,D:\Running_Place\PostGraduateProjects\Experiments\PostGraduate\backbones\DisperssionWithSADG\Seg-SADG\rho0p05\shot3\Seed1
Seg-SADG,Seg-SADG,Seg-SADG,0.05,0.5,0.05,rho0p05,new_training,3,1,170,0.023372781773408253,0.023290934248103037,0.0016369509070904718,0.017249860076440707,0.08972370955679151,0.05,9,72|31|126,35,all_filtered,9,True,D:\Running_Place\PostGraduateProjects\Experiments\PostGraduate\backbones\DisperssionWithSADG\Seg-SADG\rho0p05\shot3\Seed1
Seg-SADG,Seg-SADG,Seg-SADG,0.05,0.5,0.05,rho0p05,new_training,3,1,171,0.022543613695436053,0.022461650065249868,0.0016392686067976886,0.01689094387822681,0.08208786530627145,0.05,9,72|31|126,35,all_filtered,9,True,D:\Running_Place\PostGraduateProjects\Experiments\PostGraduate\backbones\DisperssionWithSADG\Seg-SADG\rho0p05\shot3\Seed1
Seg-SADG,Seg-SADG,Seg-SADG,0.05,0.5,0.05,rho0p05,new_training,3,1,172,0.022001760080456734,0.021924762676159542,0.0015399443089134162,0.016798301185998652,0.07823604096968968,0.05,9,72|31|126,35,all_filtered,9,True,D:\Running_Place\PostGraduateProjects\Experiments\PostGraduate\backbones\DisperssionWithSADG\Seg-SADG\rho0p05\shot3\Seed1
Seg-SADG,Seg-SADG,Seg-SADG,0.05,0.5,0.05,rho0p05,new_training,3,1,173,0.022619741037487984,0.022538476727075048,0.0016252868808805943,0.016575088310572837,0.0858042724430561,0.05,9,72|31|126,35,all_filtered,9,True,D:\Running_Place\PostGraduateProjects\Experiments\PostGraduate\backbones\DisperssionWithSADG\Seg-SADG\rho0p05\shot3\Seed1
Seg-SADG,Seg-SADG,Seg-SADG,0.05,0.5,0.05,rho0p05,new_training,3,1,174,0.022619830030534003,0.02254102834396892,0.0015760346367541286,0.01632736178321971,0.08810585074954563,0.05,9,72|31|126,35,all_filtered,9,True,D:\Running_Place\PostGraduateProjects\Experiments\PostGraduate\backbones\DisperssionWithSADG\Seg-SADG\rho0p05\shot3\Seed1
Seg-SADG,Seg-SADG,Seg-SADG,0.05,0.5,0.05,rho0p05,new_training,3,1,175,0.024774886046846707,0.02469241888158851,0.0016493469528439972,0.017414884227845404,0.10637197395165761,0.05,9,72|31|126,35,all_filtered,9,True,D:\Running_Place\PostGraduateProjects\Experiments\PostGraduate\backbones\DisperssionWithSADG\Seg-SADG\rho0p05\shot3\Seed1
Seg-SADG,Seg-SADG,Seg-SADG,0.05,0.5,0.05,rho0p05,new_training,3,1,176,0.02459924543897311,0.024515742643011942,0.0016700537720074256,0.01758803737660249,0.10460073832008573,0.05,9,72|31|126,35,all_filtered,9,True,D:\Running_Place\PostGraduateProjects\Experiments\PostGraduate\backbones\DisperssionWithSADG\Seg-SADG\rho0p05\shot3\Seed1
Seg-SADG,Seg-SADG,Seg-SADG,0.05,0.5,0.05,rho0p05,new_training,3,1,177,0.022407199152641825,0.022327544788519543,0.0015930851352297598,0.016843762041793928,0.08363093684117,0.05,9,72|31|126,35,all_filtered,9,True,D:\Running_Place\PostGraduateProjects\Experiments\PostGraduate\backbones\DisperssionWithSADG\Seg-SADG\rho0p05\shot3\Seed1
Seg-SADG,Seg-SADG,Seg-SADG,0.05,0.5,0.05,rho0p05,new_training,3,1,178,0.021384410560131073,0.021304228239589267,0.0016036506147227353,0.01603732133905093,0.08083917117781109,0.05,9,72|31|126,35,all_filtered,9,True,D:\Running_Place\PostGraduateProjects\Experiments\PostGraduate\backbones\DisperssionWithSADG\Seg-SADG\rho0p05\shot3\Seed1
Seg-SADG,Seg-SADG,Seg-SADG,0.05,0.5,0.05,rho0p05,new_training,3,1,179,0.021363453111714788,0.021289547491404746,0.0014781131111602816,0.015791362668904994,0.08040311849779552,0.05,9,72|31|126,35,all_filtered,9,True,D:\Running_Place\PostGraduateProjects\Experiments\PostGraduate\backbones\DisperssionWithSADG\Seg-SADG\rho0p05\shot3\Seed1
Seg-SADG,Seg-SADG,Seg-SADG,0.05,0.5,0.05,rho0p05,new_training,3,1,180,0.022145278751850128,0.02207003802888923,0.0015048125707026985,0.015744276344776154,0.09252877699004279,0.05,9,72|31|126,35,all_filtered,9,True,D:\Running_Place\PostGraduateProjects\Experiments\PostGraduate\backbones\DisperssionWithSADG\Seg-SADG\rho0p05\shot3\Seed1
Seg-SADG,Seg-SADG,Seg-SADG,0.05,0.5,0.05,rho0p05,new_training,3,1,181,0.021452270448207855,0.021381613694959216,0.0014131404330126112,0.01565059419307444,0.08403839253716999,0.05,9,72|31|126,35,all_filtered,9,True,D:\Running_Place\PostGraduateProjects\Experiments\PostGraduate\backbones\DisperssionWithSADG\Seg-SADG\rho0p05\shot3\Seed1
Seg-SADG,Seg-SADG,Seg-SADG,0.05,0.5,0.05,rho0p05,new_training,3,1,182,0.020425177075796656,0.02035926241013739,0.0013182936106911963,0.01512188371270895,0.07787685179048115,0.05,9,72|31|126,35,all_filtered,9,True,D:\Running_Place\PostGraduateProjects\Experiments\PostGraduate\backbones\DisperssionWithSADG\Seg-SADG\rho0p05\shot3\Seed1
Seg-SADG,Seg-SADG,Seg-SADG,0.05,0.5,0.05,rho0p05,new_training,3,1,183,0.01978976983163092,0.019722600157062214,0.001343396686327954,0.014806211822562747,0.07374552388985951,0.05,9,72|31|126,35,all_filtered,9,True,D:\Running_Place\PostGraduateProjects\Experiments\PostGraduate\backbones\DisperssionWithSADG\Seg-SADG\rho0p05\shot3\Seed1
Seg-SADG,Seg-SADG,Seg-SADG,0.05,0.5,0.05,rho0p05,new_training,3,1,184,0.019947133337457974,0.019884145301249292,0.0012597548904725248,0.014618958139585124,0.07491778830687205,0.05,9,72|31|126,35,all_filtered,9,True,D:\Running_Place\PostGraduateProjects\Experiments\PostGraduate\backbones\DisperssionWithSADG\Seg-SADG\rho0p05\shot3\Seed1
Seg-SADG,Seg-SADG,Seg-SADG,0.05,0.5,0.05,rho0p05,new_training,3,1,185,0.019288712905512914,0.019220670064290363,0.0013608588035114938,0.014346182553304566,0.07402215152978897,0.05,9,72|31|126,35,all_filtered,9,True,D:\Running_Place\PostGraduateProjects\Experiments\PostGraduate\backbones\DisperssionWithSADG\Seg-SADG\rho0p05\shot3\Seed1
Seg-SADG,Seg-SADG,Seg-SADG,0.05,0.5,0.05,rho0p05,new_training,3,1,186,0.019957645899719663,0.019890522584319115,0.0013424577579523127,0.014421864930126402,0.07991260538498561,0.05,9,72|31|126,35,all_filtered,9,True,D:\Running_Place\PostGraduateProjects\Experiments\PostGraduate\backbones\DisperssionWithSADG\Seg-SADG\rho0p05\shot3\Seed1
Seg-SADG,Seg-SADG,Seg-SADG,0.05,0.5,0.05,rho0p05,new_training,3,1,187,0.02051532848013772,0.02044396557741695,0.0014272665915389855,0.01495809242543247,0.08340787970357472,0.05,9,72|31|126,35,all_filtered,9,True,D:\Running_Place\PostGraduateProjects\Experiments\PostGraduate\backbones\DisperssionWithSADG\Seg-SADG\rho0p05\shot3\Seed1
Seg-SADG,Seg-SADG,Seg-SADG,0.05,0.5,0.05,rho0p05,new_training,3,1,188,0.01966218836605549,0.019596734187669225,0.0013090841109967893,0.014488261503477892,0.07874245734678374,0.05,9,72|31|126,35,all_filtered,9,True,D:\Running_Place\PostGraduateProjects\Experiments\PostGraduate\backbones\DisperssionWithSADG\Seg-SADG\rho0p05\shot3\Seed1
Seg-SADG,Seg-SADG,Seg-SADG,0.05,0.5,0.05,rho0p05,new_training,3,1,189,0.01921790714065234,0.019148020694653194,0.001397736745679544,0.014046612092190318,0.07491960955990686,0.05,9,72|31|126,35,all_filtered,9,True,D:\Running_Place\PostGraduateProjects\Experiments\PostGraduate\backbones\DisperssionWithSADG\Seg-SADG\rho0p05\shot3\Seed1
Seg-SADG,Seg-SADG,Seg-SADG,0.05,0.5,0.05,rho0p05,new_training,3,1,190,0.019277306066619024,0.019217303229702845,0.0012000527543326218,0.013823074288666248,0.07956538101037343,0.05,9,72|31|126,35,all_filtered,9,True,D:\Running_Place\PostGraduateProjects\Experiments\PostGraduate\backbones\DisperssionWithSADG\Seg-SADG\rho0p05\shot3\Seed1
Seg-SADG,Seg-SADG,Seg-SADG,0.05,0.5,0.05,rho0p05,new_training,3,1,191,0.019271392582191363,0.019215846641196146,0.001110916698558463,0.013951693454550372,0.07832950022485521,0.05,9,72|31|126,35,all_filtered,9,True,D:\Running_Place\PostGraduateProjects\Experiments\PostGraduate\backbones\DisperssionWithSADG\Seg-SADG\rho0p05\shot3\Seed1
Seg-SADG,Seg-SADG,Seg-SADG,0.05,0.5,0.05,rho0p05,new_training,3,1,192,0.01923574714197053,0.019176129458679095,0.0011923564274588393,0.013985040908058485,0.07575831479496425,0.05,9,72|31|126,35,all_filtered,9,True,D:\Running_Place\PostGraduateProjects\Experiments\PostGraduate\backbones\DisperssionWithSADG\Seg-SADG\rho0p05\shot3\Seed1
Seg-SADG,Seg-SADG,Seg-SADG,0.05,0.5,0.05,rho0p05,new_training,3,1,193,0.018190984303752582,0.018131026377280552,0.0011991558648231956,0.01352439344757133,0.07064767057696979,0.05,9,72|31|126,35,all_filtered,9,True,D:\Running_Place\PostGraduateProjects\Experiments\PostGraduate\backbones\DisperssionWithSADG\Seg-SADG\rho0p05\shot3\Seed1
Seg-SADG,Seg-SADG,Seg-SADG,0.05,0.5,0.05,rho0p05,new_training,3,1,194,0.01789907593693998,0.01783807451526324,0.0012200280196136898,0.013094343451990021,0.06946261061562432,0.05,9,72|31|126,35,all_filtered,9,True,D:\Running_Place\PostGraduateProjects\Experiments\PostGraduate\backbones\DisperssionWithSADG\Seg-SADG\rho0p05\shot3\Seed1
Seg-SADG,Seg-SADG,Seg-SADG,0.05,0.5,0.05,rho0p05,new_training,3,1,195,0.017522049446900684,0.01746543724503782,0.0011322404413173597,0.01284696182443036,0.0706220128469997,0.05,9,72|31|126,35,all_filtered,9,True,D:\Running_Place\PostGraduateProjects\Experiments\PostGraduate\backbones\DisperssionWithSADG\Seg-SADG\rho0p05\shot3\Seed1
Seg-SADG,Seg-SADG,Seg-SADG,0.05,0.5,0.05,rho0p05,new_training,3,1,196,0.016834165280063946,0.01678182826273971,0.0010467374231666327,0.012425592169165611,0.06417627135912578,0.05,9,72|31|126,35,all_filtered,9,True,D:\Running_Place\PostGraduateProjects\Experiments\PostGraduate\backbones\DisperssionWithSADG\Seg-SADG\rho0p05\shot3\Seed1
Seg-SADG,Seg-SADG,Seg-SADG,0.05,0.5,0.05,rho0p05,new_training,3,1,197,0.017504895933800273,0.017453441603316203,0.0010290817267054485,0.012483923902942074,0.07184458937909868,0.05,9,72|31|126,35,all_filtered,9,True,D:\Running_Place\PostGraduateProjects\Experiments\PostGraduate\backbones\DisperssionWithSADG\Seg-SADG\rho0p05\shot3\Seed1
Seg-SADG,Seg-SADG,Seg-SADG,0.05,0.5,0.05,rho0p05,new_training,3,1,198,0.018311757801307574,0.018260997616582446,0.0010152043735918899,0.012821439239713881,0.08051727587978046,0.05,9,72|31|126,35,all_filtered,9,True,D:\Running_Place\PostGraduateProjects\Experiments\PostGraduate\backbones\DisperssionWithSADG\Seg-SADG\rho0p05\shot3\Seed1
Seg-SADG,Seg-SADG,Seg-SADG,0.05,0.5,0.05,rho0p05,new_training,3,1,199,0.018933103730281193,0.01888142753806379,0.0010335215613142485,0.013041560124191973,0.08546728144089381,0.05,9,72|31|126,35,all_filtered,9,True,D:\Running_Place\PostGraduateProjects\Experiments\PostGraduate\backbones\DisperssionWithSADG\Seg-SADG\rho0p05\shot3\Seed1
Seg-SADG,Seg-SADG,Seg-SADG,0.05,0.5,0.05,rho0p05,new_training,3,1,200,0.020827625567714374,0.02076363480753369,0.0012798118793095152,0.01407191747178634,0.09919150090879864,0.05,9,72|31|126,35,all_filtered,9,True,D:\Running_Place\PostGraduateProjects\Experiments\PostGraduate\backbones\DisperssionWithSADG\Seg-SADG\rho0p05\shot3\Seed1
