vendor,stratum,metric,sar_seed_2022,sar_seed_2023,sar_seed_2024,sar_seed_2025,sar_seed_2026,sar_mean,sar_std,source_seed_2022,source_seed_2023,source_seed_2024,source_seed_2025,source_seed_2026,sar_minus_source_seed_2022,sar_minus_source_seed_2023,sar_minus_source_seed_2024,sar_minus_source_seed_2025,sar_minus_source_seed_2026,source_mean,sar_minus_source_mean,sar_minus_source_std,tent_seed_2022,tent_seed_2023,tent_seed_2024,tent_seed_2025,tent_seed_2026,sar_minus_tent_seed_2022,sar_minus_tent_seed_2023,sar_minus_tent_seed_2024,sar_minus_tent_seed_2025,sar_minus_tent_seed_2026,tent_mean,sar_minus_tent_mean,sar_minus_tent_std
B,all_slices,dice_lv,0.8126065834625444,0.7529065917154724,0.794435098019879,0.8017292979973447,0.6696068547576063,0.7662568851905693,0.05856632350817145,0.8008056683405645,0.7646405080072158,0.793840845741216,0.809371727134812,0.6804954793311346,0.011800915121979894,-0.011733916291743474,0.0005942522786629434,-0.007642429137467266,-0.01088862457352835,0.7698308457109886,-0.0035739605204192504,0.009879301901518518,0.8137938087547119,0.7530574195752338,0.7945125168035928,0.8017824372961939,0.6697691431392729,-0.0011872252921674153,-0.00015082785976139323,-7.741878371381183e-05,-5.313929884920299e-05,-0.00016228838166665316,0.766583065113801,-0.0003261799232316953,0.00048359104572534377
B,all_slices,dice_macro,0.7781968662931792,0.7557555976926583,0.765206325321593,0.7612019017826676,0.6823152664987558,0.7485351915177707,0.03793217610609824,0.7643601882720757,0.7557418055851226,0.7572944283009284,0.7608101294702398,0.6597793296268881,0.013836678021103443,1.3792107535715026e-05,0.007911897020664638,0.00039177231242770727,0.022535936871867723,0.7395971762510509,0.008938015266719845,0.009521466733709233,0.778722667418538,0.7558199545713801,0.7656129814445046,0.7616249643831798,0.6824086882429052,-0.0005258011253588268,-6.435687872174967e-05,-0.00040665612291157505,-0.0004230626005122806,-9.34217441493912e-05,0.7488378512121016,-0.0003026596943307647,0.00020956679540128553
B,all_slices,dice_myo,0.732056037374508,0.719730370308524,0.7212288305974447,0.7356012627599957,0.6608200776534999,0.7138873157387945,0.03043751314677964,0.6975679410854069,0.6929964256980882,0.6941327814628984,0.7185149580315648,0.6270257514298224,0.0344880962891011,0.026733944610435878,0.02709604913454633,0.017086304728430868,0.03379432622367751,0.6860475715415562,0.027839744197238336,0.007019080568862271,0.7321040102310584,0.7197761846731526,0.7216661005964652,0.73562216768624,0.6609217503553153,-4.797285655044892e-05,-4.581436462858246e-05,-0.00043726999902049535,-2.0904926244291744e-05,-0.00010167270181538068,0.7140180427084463,-0.00013072696965183984,0.000173876431898682
B,all_slices,dice_rv,0.7899279780424854,0.7946298310539786,0.7799550473474555,0.746275144590662,0.7165188670851618,0.7654613736239486,0.033252671131207744,0.794706955390256,0.8095884830500639,0.783909657698671,0.754543703244343,0.6718167581197072,-0.004778977347770663,-0.01495865199608537,-0.003954610351215582,-0.008268558653680924,0.04470210896545457,0.7629131115006083,0.0025482621233404055,0.023960479158308342,0.7902701832698441,0.7946262594657539,0.7806603269334558,0.7474702881671057,0.7165351712341275,-0.00034220522735872727,3.571588224615674e-06,-0.0007052795860003069,-0.0011951435764436802,-1.6304148965695653e-05,0.7659124458140574,-0.0004510721901087589,0.0005064187640785474
B,all_slices,hd95_2d_px_lv,42.71375371385166,69.36644278464112,50.08514764166551,49.06809250809745,97.4812384717764,61.74293502400643,22.32716722230481,38.21080687842486,57.97425247968232,41.94850017077435,38.75647404467928,91.68925976252514,4.502946835426798,11.392190304958802,8.136647470891155,10.31161846341817,5.791978709251254,53.715858667217184,8.027076356789236,2.914201465562202,42.198608704229464,69.23197953793014,49.94544391407727,49.01312276065519,97.34594561780328,0.515145009622195,0.13446324671097898,0.13970372758823402,0.054969747442257244,0.13529285397311241,61.547020106939065,0.19591491706735553,0.18192335816166377
B,all_slices,hd95_2d_px_macro,44.392237181208905,54.95128378453984,49.17802763670418,52.676416928651854,85.01378686972708,57.24235048016637,16.0273838294004,39.392578987720604,47.32129520039248,43.92947947916717,46.21748165913314,90.31404489888665,4.999658193488301,7.6299885841473625,5.248548157537009,6.458935269518712,-5.300258029159565,53.43497604506001,3.8073744351063636,5.198332548854358,44.24865666906459,54.88573577372404,48.983193587488984,52.47066263040057,84.95394129490433,0.1435805121443181,0.06554801081579598,0.19483404921519565,0.20575429825128566,0.05984557482275932,57.1084379911165,0.13391248904987094,0.06914796161169202
B,all_slices,hd95_2d_px_myo,45.349162779626866,51.876022694253344,52.93173323669204,46.22477459875426,82.01942692830794,55.68022404752689,15.098974379637804,38.123353664238536,46.63339727115525,47.709739460658646,40.67228077835814,85.3402556255242,7.22580911538833,5.24262542309809,5.221993776033393,5.552493820396116,-3.320828697216257,51.695805359986956,3.9844186875399346,4.166736947827995,45.33276974758865,51.83041268240592,52.76138307571479,46.135261297234,81.98180574145141,0.016393032038216404,0.04561001184742253,0.1703501609772502,0.08951330152025605,0.03762118685652638,55.60832650887895,0.07189753864793431,0.06113486435025634
B,all_slices,hd95_2d_px_rv,45.113795050148184,43.611385874725066,44.517202031754984,62.736383679103845,75.54069520909692,54.3038923689658,14.288768283002296,41.843576420498394,37.35623585033986,42.13019880606852,59.22369015436201,93.91261930861064,3.27021862964979,6.255150024385209,2.3870032256864633,3.5126935247418345,-18.37192409951372,54.89326410797588,-0.5893717390100847,10.04550685376365,45.214591555375655,43.59481510083608,44.24275377267489,62.2636038333125,75.53407252545828,-0.1007965052274713,0.016570773888986423,0.2744482590800956,0.4727798457913437,0.00662268363863916,54.16996735753148,0.13392501143431873,0.23432961401202532
B,foreground_present,dice_lv,0.8193915113507856,0.7914056316291455,0.8179070197180665,0.8224809103645708,0.7227929503056715,0.794795604673648,0.04213504015395743,0.7783564754591866,0.7785792906537072,0.7924654733341355,0.8067884080365926,0.7241583899323423,0.04103503589159896,0.012826340975438222,0.025441546383930924,0.015692502327978253,-0.0013654396266707947,0.7760696074831929,0.01872599719045511,0.015735832331431908,0.8194589258657864,0.7916022212717156,0.8180079276739478,0.8225501723416597,0.723004477638855,-6.741451500080764e-05,-0.00019658964257018852,-0.00010090795588135748,-6.926197708889692e-05,-0.00021152733318352546,0.7949247449583929,-0.0001291402847449552,6.987415186028935e-05
B,foreground_present,dice_macro,0.7866859850026581,0.7799146367575652,0.7839682509668359,0.7935358916790297,0.7378206098038841,0.7763850748419946,0.02212148050791043,0.7376351912392005,0.745657584206148,0.7508002198403378,0.768952092094869,0.7200855591026786,0.049050793763457556,0.0342570525514172,0.03316803112649802,0.02458379958416068,0.017735050701205513,0.7446261292966467,0.03175894554534779,0.01178331894831444,0.7867099349158968,0.7799979743366326,0.7839998702798175,0.793599414971867,0.737943416079546,-2.394991323872997e-05,-8.333757906742179e-05,-3.161931298167886e-05,-6.352329283731972e-05,-0.00012280627566196856,0.776450122116752,-6.504727475742378e-05,4.024730329604463e-05
B,foreground_present,dice_myo,0.7418702053408736,0.7367143183773159,0.7449910055824545,0.7547381826314832,0.716391725310174,0.7389410874484602,0.014214092396429633,0.6461564179344288,0.6710085684208633,0.691019428318681,0.7063526203608562,0.6708648293204446,0.09571378740644476,0.06570574995645262,0.05397157726377344,0.04838556227062696,0.04552689598972948,0.6770803728710548,0.061860714577405454,0.02044154277405262,0.7419320619963184,0.73677339185284,0.7450667827114987,0.7547651376413108,0.7165228230545353,-6.185665544489183e-05,-5.907347552402964e-05,-7.577712904427436e-05,-2.695500982763388e-05,-0.00013109774436126376,0.7390120394513007,-7.095200284041869e-05,3.8080021716098044e-05
B,foreground_present,dice_rv,0.7987962383163151,0.8116239602662343,0.7890067275999864,0.8033885820410354,0.7742771537958067,0.7954185324038756,0.014366763822663045,0.788392680323986,0.7873848935438735,0.768915757868197,0.793715247887158,0.7652334580552491,0.01040355799232906,0.024239066722360758,0.020090969731789365,0.009673334153877389,0.009043695740557633,0.7807284075356927,0.01469012486818284,0.006996006402241539,0.7987388168855857,0.8116183098853424,0.7889249004540061,0.8034829349326306,0.7743029475452483,5.742143072939854e-05,5.6503808918417775e-06,8.18271459802622e-05,-9.435289159520632e-05,-2.5793749441560543e-05,0.7954135819405626,4.950463312947129e-06,6.976761347157384e-05
B,foreground_present,hd95_2d_px_lv,32.72283284545294,49.49310133391211,34.32476778825163,34.778238395634254,71.72729426661812,44.60924692597381,16.605319968302485,36.105016514850895,44.78536938689273,32.6149504730876,30.589375966781976,68.8036771816116,-3.3821836693979535,4.707731947019376,1.709817315164024,4.188862428852278,2.923617085006512,42.57967790464496,2.0295690213288475,3.2412858156782187,32.58512207080746,49.317841394193096,34.142677384557444,34.70659060444409,71.55095301343756,0.13771077464548398,0.17525993971901244,0.1820904036941826,0.07164779119016629,0.17634125318055283,44.46063689348793,0.14861003248587962,0.04648159264625097
B,foreground_present,hd95_2d_px_macro,27.924202128782884,33.588771507971074,28.629437384682586,28.427878518994827,53.74040853849138,34.46213961578455,11.018073486240947,32.540822392614906,35.980752373265,30.011457739994075,28.69598858160386,56.7021513563374,-4.616620263832022,-2.391980865293924,-1.3820203553114894,-0.2681100626090327,-2.961742817846023,36.78623448876304,-2.324094872978498,1.6417562254002591,27.99638825438289,33.50200968114384,28.553423145425683,28.332147377849168,53.66196597476837,-0.07218612560000537,0.08676182682723521,0.07601423925690298,0.09573114114565939,0.07844256372300862,34.40918688671399,0.052952729070560166,0.07038171904289543
B,foreground_present,hd95_2d_px_myo,26.969599809299293,31.513389857874248,30.58663011841902,25.1066181759402,50.31655517177681,32.89855862666191,10.081135826835942,36.13259661246361,36.01751331814939,30.717350626725615,27.451192153681042,55.30246403056935,-9.162996803164315,-4.504123460275142,-0.1307205083065952,-2.3445739777408434,-4.985908858792534,37.1242233483178,-4.225664721655886,3.366742824954934,26.948462478579458,31.454579876761066,30.54297923169538,24.991198877445065,50.26804605724537,0.021137330719835035,0.05880998111318192,0.043650886723639815,0.11541929849513366,0.048509114531441355,32.841053304345266,0.05750532231664636,0.035182519538397405
B,foreground_present,hd95_2d_px_rv,24.08017373159641,19.759823332126864,20.97691424737711,25.39877898541003,39.17737617707921,25.878613294717923,7.774766301710729,25.384854050530205,27.139374414752872,26.702072120169014,28.047397624348555,46.00031285683126,-1.3046803189337943,-7.3795510826260085,-5.725157872791904,-2.648618638938526,-6.822936679752047,30.654802213326384,-4.776188918608456,2.6666992839153423,24.455580213761753,19.73360777247735,20.97461282002422,25.298652651658344,39.166898853622165,-0.3754064821653422,0.02621555964951483,0.002301427352890073,0.10012633375168534,0.010477323457045884,25.92587046230877,-0.04725716759084122,0.18747762303884996
C,all_slices,dice_lv,0.7821328702990379,0.7135053765819928,0.7286900174249044,0.7525142432222918,0.6248668927673817,0.7203418800591217,0.05934031050213885,0.7929736609919339,0.7593481361508857,0.7493050465179585,0.7885388763443816,0.610709298166378,-0.010840790692896007,-0.04584275956889294,-0.020615029093054127,-0.03602463312208981,0.014157594601003742,0.7401750036343075,-0.01983312357518583,0.023321173292581977,0.7820880161400429,0.7135431369528703,0.728691647839523,0.7524994132414684,0.6249252330089937,4.485415899502243e-05,-3.776037087754869e-05,-1.6304146186474355e-06,1.4829980823360955e-05,-5.8340241611998245e-05,0.7203494894365796,-7.609377457962197e-06,4.115336692139644e-05
C,all_slices,dice_macro,0.7318931047255058,0.6893344230308933,0.6959909054750746,0.7056166905514586,0.6188431850679527,0.688335661770177,0.04208529847521781,0.7402101342176123,0.7250997426857942,0.6944819027705114,0.7152118749586929,0.5834061086585949,-0.008317029492106442,-0.03576531965490093,0.0015090027045632226,-0.00959518440723428,0.03543707640935778,0.6916819526582412,-0.0033462908880641296,0.025702498873971275,0.7318726845144182,0.6893495443951635,0.6962760494355528,0.7056086068642468,0.6188901194215557,2.0420211087612827e-05,-1.5121364270176407e-05,-0.0002851439604781847,8.083687211835056e-06,-4.693435360303422e-05,0.6883994009261875,-6.373915601038948e-05,0.00012639966216126546
C,all_slices,dice_myo,0.653690764822332,0.6222887257308342,0.6160549464751134,0.6625728601591142,0.5529721563565322,0.6215158907087852,0.04315541672117952,0.6547316678797679,0.643609385913053,0.5548517825572625,0.6433706885295952,0.4899591776346331,-0.0010409030574358713,-0.021320660182218787,0.061203163917850856,0.019202171629518983,0.0630129787218991,0.5973045405028623,0.024211350205922855,0.0374496087832128,0.6536741525247808,0.6222997877053803,0.6160611398737055,0.6625715125731781,0.5530204400856477,1.6612297551232835e-05,-1.1061974546144882e-05,-6.193398592091448e-06,1.3475859360623232e-06,-4.828372911547252e-05,0.6215254065525385,-9.515843753282738e-06,2.406798688287891e-05
C,all_slices,dice_rv,0.7598556790551477,0.7322091667798531,0.7432277525252059,0.70176296827297,0.6786905060799442,0.7231492145426242,0.03265939086520088,0.7729250737811354,0.7723417059934443,0.779288879236313,0.7137260600021019,0.6495498501747734,-0.01306939472598767,-0.04013253921359117,-0.03606112671110706,-0.011963091729131903,0.029140655905170787,0.7375663138375537,-0.014417099294929403,0.027544801105710247,0.7598558848784309,0.73220570852724,0.7440753605934295,0.7017548947780939,0.6787246851700256,-2.058232831947393e-07,3.4582526131643476e-06,-0.0008476080682235931,8.073494876081888e-06,-3.4179090081409846e-05,0.723323306789444,-0.00017409224681979029,0.00037687673007781504
C,all_slices,hd95_2d_px_lv,53.93222018084665,81.99257733913147,71.86591212766012,70.72296634075751,120.1208090708685,79.72689701185286,24.72363566747594,45.71795277126549,59.65841649366662,61.62735157778832,49.83563643104154,122.31570376528404,8.214267409581161,22.33416084546485,10.238560549871806,20.887329909715966,-2.194894694415538,67.83101220780921,11.89588480404365,10.058016566427241,53.92786616684691,81.99198654445368,71.80042496611335,70.72078085553527,120.06305928048815,0.00435401399973756,0.0005907946777909956,0.06548716154676981,0.002185485222241823,0.0577497903803561,79.70082356268748,0.026073449165379257,0.03259051120129742
C,all_slices,hd95_2d_px_macro,60.39292687733316,74.85507633731213,71.86330761065341,72.52076637342732,106.33968441078473,77.19435232190214,17.229864588874843,50.61493213377627,57.87574025112315,70.68074038330266,63.71588814090991,116.95210818988116,9.777994743556889,16.97933608618898,1.182567227350745,8.80487823251741,-10.612423779096432,71.96788181979863,5.226470502103519,10.474671235769033,60.36765688571681,74.85358119405836,71.71724116853454,72.51922227524005,106.30516450970724,0.02526999161634791,0.0014951432537628762,0.14606644211886533,0.0015440981872671955,0.0345199010774877,77.1525732066514,0.0417791152507462,0.06008899420201504
C,all_slices,hd95_2d_px_myo,69.81736364408368,80.22599385261634,88.70781855640747,71.82775672900732,112.45708828907492,84.60720421423795,17.274835363297917,55.38870670605567,64.44341048805094,106.51604624808185,72.45080757512103,132.59033547690566,14.428656938028013,15.782583364565397,-17.808227691674375,-0.6230508461137134,-20.133247187830747,86.27786129884302,-1.6706570846050852,17.07475776859448,69.74721560864324,80.22288282429888,88.6319749461007,71.82611860144317,112.41258666959111,0.07014803544043957,0.003111028317462683,0.07584361030677655,0.001638127564149272,0.04450161948381037,84.56815573001542,0.03904848422252769,0.035502942117255264
C,all_slices,hd95_2d_px_rv,57.429196807069154,62.346657820188604,55.016192147892646,75.01157605051715,86.44115587241072,67.24895573961565,13.216462419115874,50.738136924007655,49.52539377165184,43.89882332403778,68.86122041656716,95.9502853274538,6.691059883061499,12.821264048536761,11.117368823854868,6.150355633949985,-9.50912945504308,61.794771952743645,5.454183786872006,8.835451279343026,57.42788888166031,62.345874213422526,54.719323593389596,75.01076736874172,86.43984757904245,0.0013079254088452785,0.0007836067660775825,0.2968685545030496,0.0008086817754247022,0.0013082933682682096,67.18874032725132,0.060215412364333074,0.13229337618328352
C,foreground_present,dice_lv,0.8102261091337101,0.8022642208960141,0.7977675676593114,0.8052361806706962,0.7523182948544783,0.793562474642842,0.02349700879057072,0.7536822502449025,0.7677788616483925,0.7637532490199263,0.7771578762699612,0.7293834652887552,0.05654385888880753,0.03448535924762164,0.0340143186393852,0.028078304400735,0.022934829565723125,0.7583511404943876,0.035211334148454496,0.012831885828231188,0.8101574421109861,0.8023220280716071,0.7977700636534438,0.805213477522248,0.7524076076581567,6.86670227240116e-05,-5.780717559300541e-05,-2.495994132378776e-06,2.2703148448210975e-05,-8.931280367840966e-05,0.7935741238032883,-1.1649160446314254e-05,6.300149740555605e-05
C,foreground_present,dice_macro,0.742846055423097,0.739992211968694,0.7402001074958431,0.7415137914695622,0.7133889247461417,0.7355882182206676,0.012462563275388486,0.6842271975576528,0.6961865000854578,0.69820614684018,0.7152866617682571,0.6841094235997621,0.058618857865444185,0.04380571188323623,0.041993960655663076,0.02622712970130514,0.02927950114637956,0.6956031859702619,0.03998503225040564,0.012939678531706836,0.7428149319408562,0.740014918659309,0.7402187681480342,0.7415005727750713,0.713464049651413,3.112348224076911e-05,-2.2706690614993086e-05,-1.8660652191138105e-05,1.3218694490890748e-05,-7.512490527128435e-05,0.7356026482349367,-1.4430014269151137e-05,4.0650472330277225e-05
C,foreground_present,dice_myo,0.6885330702665561,0.6933563594990456,0.6963814739064523,0.699457030140752,0.6695375594736691,0.689453098657295,0.011840519700712947,0.5968212000075103,0.627290789177172,0.6412811741598469,0.6617562386504084,0.6067294050353789,0.09171187025904581,0.06606557032187366,0.05510029974660546,0.037700791490343555,0.06280815443829024,0.6267757614060633,0.06267733725123174,0.019594263694711275,0.6885079865237361,0.6933730625302633,0.6963908256301968,0.6994549953530327,0.6696104655024581,2.5083742819953514e-05,-1.670303121770189e-05,-9.351723744499552e-06,2.0347877193183095e-06,-7.290602878895491e-05,0.6894674671079374,-1.4368450642376907e-05,3.6341462780951164e-05
C,foreground_present,dice_rv,0.7297789868690249,0.7243560555110223,0.7264512809217655,0.7198481635972385,0.7183109199102775,0.7237490813618657,0.004712239910182299,0.7021781424205453,0.6934898494308087,0.6895840173407671,0.7069458703844015,0.7162154004751521,0.027600844448479545,0.03086620608021362,0.036867263580998344,0.01290229321283698,0.002095519435125426,0.701682656010335,0.022066425351530784,0.014229802782240102,0.7297793671878464,0.7243496653760568,0.7264954151604619,0.7198332454499331,0.7183740757936242,-3.8031882154676566e-07,6.390134965506e-06,-4.4134238696424966e-05,1.4918147305365004e-05,-6.315588334671052e-05,0.7237663537935844,-1.7272431718762248e-05,3.430867865980769e-05
C,foreground_present,hd95_2d_px_lv,30.721976092511927,38.662947458163934,33.16479678752943,41.8745399880571,66.10961851841527,42.106775768935535,14.121110072551378,44.52285623408387,42.216741633740526,41.138137682261956,39.91236564296758,69.92453228566067,-13.800880141571941,-3.5537941755765914,-7.973340894732523,1.9621743450895224,-3.8149137672454003,47.54292669574292,-5.436150926807387,5.859029814417077,30.71531055279479,38.662043013348274,33.06454279746921,41.87119423892747,66.02120963377244,0.0066655397171366815,0.0009044448156600993,0.1002539900602244,0.0033457491296289277,0.08840888464283125,42.06686004726244,0.039915721673096274,0.04989266153641308
C,foreground_present,hd95_2d_px_macro,34.47814743826434,33.62430537527815,32.24602829819465,38.62631652854186,52.956994149690935,38.386358357993984,8.485515920444305,45.12928964492488,43.40434901823328,44.97571224438888,39.75244421657496,60.11085424160576,-10.651142206660545,-9.780043642955135,-12.729683946194228,-1.126127688033101,-7.153860091914822,46.67452987314555,-8.288171515151566,4.475429582626822,34.43981331869995,33.62195541331368,32.17455162156303,38.62387868961678,52.90432029256484,0.03833411956438937,0.0023499619644695713,0.07147667663161883,0.0024378389250756527,0.05267385712609496,38.35290386715165,0.033454490842329675,0.03069367134231272
C,foreground_present,hd95_2d_px_myo,29.169305391845647,26.047228053714804,34.368982539226074,33.101974697700854,45.55961468247935,33.64942107299335,7.425209648080349,41.02309252818826,37.6508051798636,47.80238386452273,37.1825156628974,64.29783130871427,-11.85378713634261,-11.6035771261488,-13.433401325296657,-4.080540965196548,-18.738216626234916,45.59132570883725,-11.941904635843906,5.252087394672,29.063385348282612,26.042530555732974,34.254462460976775,33.09950120657788,45.49241945106971,0.1059200435630352,0.004697497981830168,0.11452007824929922,0.002473491122977123,0.06719523140964156,33.59045980452799,0.05896126846535665,0.053607676281530826
C,foreground_present,hd95_2d_px_rv,43.54316083043543,36.16274061395572,29.20430556782844,40.90243489986762,47.201749248178174,39.40287823205308,6.977147975575167,49.84192017250252,50.34550024109573,45.98661518638196,42.162451343859885,46.110199130442346,-6.298759342067086,-14.182759627140008,-16.782309618553523,-1.2600164439922636,1.091550117735828,46.88933721485649,-7.48645898280341,7.8264733216209,43.540744055022444,36.16129267085979,29.20464960624311,40.900940623344994,47.19933179285235,0.002416775412989125,0.0014479430959326578,-0.00034403841467067764,0.001494276522628013,0.0024174553258262677,39.40139174966454,0.0014864823885410773,0.0011274426989747685
D,all_slices,dice_lv,0.8086556937030012,0.7230919618899703,0.7927862502480005,0.8048457028785334,0.6617980197979926,0.7582355257034996,0.06411652896626246,0.8316081658666576,0.8030400470661304,0.8036939079880878,0.8342685248090794,0.6873468490513094,-0.02295247216365648,-0.07994808517616014,-0.010907657740087284,-0.029422821930546017,-0.025548829253316807,0.7919914989562529,-0.03375597325275335,0.026732965485059962,0.8086451861884433,0.7231018225460266,0.7928053155131377,0.8048504781586273,0.6617998434537354,1.050751455788923e-05,-9.86065605634856e-06,-1.906526513717477e-05,-4.775280093904932e-06,-1.823655742860808e-06,0.758240529171994,-5.003468494479968e-06,1.0863704135377527e-05
D,all_slices,dice_macro,0.753781201607711,0.7187512262823107,0.7680725188714979,0.7452458274809043,0.6765873200795421,0.7324876188643932,0.036041661820278514,0.7758480979125509,0.7713233255661841,0.7736687063078183,0.7836658893308437,0.6939115565979782,-0.022066896304839934,-0.05257209928387341,-0.005596187436320399,-0.0384200618499394,-0.017324236518436065,0.759683515143075,-0.027195896278681842,0.018440697525854397,0.7537566423362538,0.7187323087606639,0.768081690178215,0.7452458777946287,0.6768462793460597,2.455927145716963e-05,1.8917521646844015e-05,-9.171306717181693e-06,-5.031372440900128e-08,-0.0002589592665175333,0.7325325596831642,-4.494081877102207e-05,0.00012042286078065374
D,all_slices,dice_myo,0.693483481324472,0.6669152147094946,0.6962933908739242,0.7120701091200438,0.6284083582796679,0.6794341108615205,0.03281416882492176,0.7253637204411307,0.7067922102640231,0.7097765273786424,0.7476281345456667,0.6555532036377438,-0.031880239116658715,-0.039876995554528505,-0.013483136504718218,-0.03555802542562292,-0.02714484535807593,0.7090227592534413,-0.02958864839192086,0.010150056945352403,0.6934682117326941,0.666886266143427,0.6962925991656433,0.7120640213014412,0.6291863004590534,1.526959177788889e-05,2.8948566067499293e-05,7.91708280822867e-07,6.087818602562578e-06,-0.0007779421793855379,0.6795794797604519,-0.00014536889893135285,0.00035378041170771397
D,all_slices,dice_rv,0.7592044297956599,0.7662465022474674,0.815137915492569,0.7188216704441355,0.739555582160966,0.7597932200281596,0.03603212699504414,0.7705724074298643,0.8041377193683986,0.8075356835567246,0.7691010086377852,0.7388346171048812,-0.011367977634204385,-0.03789121712093124,0.007602231935844417,-0.050279338193649714,0.0007209650560847658,0.7780362872195308,-0.018243067191371233,0.024936185142593322,0.7591565290876242,0.7662088375925377,0.8151471558558643,0.7188231339238176,0.7395526941253902,4.7900708035730766e-05,3.766465492971438e-05,-9.2403632953042e-06,-1.4634796821066942e-06,2.888035575798753e-06,0.7597776701170468,1.5549911112766603e-05,2.549496136161169e-05
D,all_slices,hd95_2d_px_lv,49.40718098716744,87.58024774473606,58.90521050019953,50.33234252899777,106.41344526712626,70.52768540564541,25.33568208519593,39.33195881060826,52.1113483761037,50.31505770668974,40.57054183022812,99.37327192889565,10.07522217655918,35.46889936863236,8.590152793509787,9.761800698769648,7.040173338230616,56.3404357305051,14.187249675140317,11.956276344832766,49.40653115294074,87.58059863997794,58.892499908945446,50.33278238914613,106.41196064502189,0.0006498342267065027,-0.0003508952418798117,0.012710591254084136,-0.0004398601483615039,0.0014846221043711694,70.52487454720642,0.0028108584389840985,0.005590113951079994
D,all_slices,hd95_2d_px_macro,53.041170064181806,68.98852320547212,53.14047094200555,58.72785179505825,87.371043305206,64.25381186238475,14.461931045475854,42.9510258323391,46.473053313595194,47.557177819273114,43.898533964810674,80.15318159160977,10.090144231842707,22.515469891876926,5.583293122732435,14.829317830247575,7.2178617135962355,52.20659450432557,12.047217358059175,6.823846456201257,53.03941230569504,68.98882137029976,53.13616866922381,58.71465262496656,87.27504389246505,0.0017577584867680685,-0.0002981648276403348,0.0043022727817429995,0.013199170091688472,0.09599941274095158,64.23081977253005,0.022992089854702157,0.041135788938995034
D,all_slices,hd95_2d_px_myo,56.26641833722477,67.25844091778403,61.44997327970598,52.52240859003024,89.16608129698342,65.33266448434568,14.431866979926095,43.33787502362786,48.9200968996127,51.53260094987731,37.34181860658226,74.32994517799327,12.928543313596911,18.338344018171327,9.917372329828666,15.18058998344798,14.836136118990154,51.092467331538685,14.240197152807008,3.1000620921807394,56.26681713668737,67.2585149857284,61.44907591905127,52.48234259427673,88.87929203906945,-0.0003987994626015734,-7.406794436803921e-05,0.0008973606547115764,0.04006599575350833,0.28678925791396637,65.26720853496263,0.06545594938304333,0.12493190715906244
D,all_slices,hd95_2d_px_rv,53.449910868153204,52.126880953896276,39.06622904611116,73.32880426614676,66.53360335150829,56.90108569716314,13.373865224175066,46.18324366278119,38.3877146650692,40.82387480125229,53.783241457621635,66.75632766794035,7.266667205372016,13.739166288827079,-1.7576457551411266,19.545562808525126,-0.22272431643206403,49.18688045093293,7.714205246230206,9.071828370077057,53.444888627457,52.127350485192935,39.066930179674706,73.3288328914768,66.5338789933038,0.0050222406962063815,-0.00046953129665894267,-0.0007011335635453975,-2.8625330031673002e-05,-0.0002756417955112056,56.90037623542105,0.0007094617420918325,0.002423585541846823
D,foreground_present,dice_lv,0.8194544546024687,0.8079437330280275,0.8131696207579858,0.8332526664743499,0.7491806087213069,0.8046002167168277,0.03239428189353647,0.7750814049224551,0.8069737031922484,0.7882425771764437,0.81504191655345,0.7496063097517996,0.04437304968001354,0.000970029835779096,0.024927043581542074,0.018210749920899882,-0.0004257010304927755,0.7869891823192794,0.017611034397548363,0.018522526614868914,0.8194380317463817,0.8079591448682342,0.8131994190612746,0.8332601300602742,0.7491834590276901,1.6422856086939497e-05,-1.541184020670272e-05,-2.979830328875277e-05,-7.463585924294414e-06,-2.850306383250789e-06,0.8046080369527709,-7.82023594321224e-06,1.6979567204348446e-05
D,foreground_present,dice_macro,0.7361597210563664,0.7483473111864608,0.7546175599831821,0.7676791336408973,0.7206011725142156,0.7454809796762245,0.017960663003828724,0.6773455891691528,0.7190321500427209,0.7175857558545274,0.7415203657621331,0.7128997737142125,0.05881413188721363,0.029315161143739887,0.0370318041286547,0.026158767878764255,0.00770139880000309,0.7136767269085493,0.03180425276767511,0.01854639796169293,0.7361172297963067,0.7483147278908002,0.7546327333938576,0.7676794200109072,0.7205942844888157,4.249126005972936e-05,3.2583295660582046e-05,-1.5173410675473065e-05,-2.8637000981657224e-07,6.888025399942599e-06,0.7454676791161374,1.3300560086992874e-05,2.3771901152670002e-05
D,foreground_present,dice_myo,0.6927109486226284,0.6931501949665301,0.6982017263209493,0.711422600175874,0.6886325079301923,0.6968235956032348,0.008839284946749819,0.6208559880463512,0.6539746243304255,0.6621410646522423,0.6777074919696555,0.6649763322956428,0.07185496057627716,0.03917557063610455,0.03606066166870703,0.03371510820621848,0.02365617563454947,0.6559311002588635,0.04089249534437134,0.018259068319811896,0.6926876578958926,0.6931060396838297,0.6982005187273548,0.7114133144188247,0.6886142847965805,2.32907267357918e-05,4.4155282700408804e-05,1.2075935945654592e-06,9.28575704928214e-06,1.822313361177219e-05,0.6968043631044964,1.923249873836408e-05,1.6297761107962794e-05
D,foreground_present,dice_rv,0.6963137599440024,0.7439480055648245,0.752481332870611,0.7583621342724683,0.7239904008911475,0.7350191267086108,0.02524523585421162,0.6360993745386516,0.6961481226054889,0.7023736257348961,0.7318116887632939,0.7241166790951951,0.060214385405350734,0.04779988295933568,0.050107707135714885,0.026550445509174403,-0.0001262782040475363,0.6981098981475051,0.036909228561105636,0.02405654626660722,0.6962259997466459,0.7438789991203368,0.7524982623929434,0.7583648155536226,0.7239851096421764,8.776019735645679e-05,6.900644448770699e-05,-1.6929522332342906e-05,-2.681281154215398e-06,5.29124897108435e-06,0.734990637291145,2.8489417465737964e-05,4.6710016040184045e-05
D,foreground_present,hd95_2d_px_lv,34.480917435630396,50.067684266461335,42.64775507442241,28.803464568315537,66.14681304571053,44.42932687810804,14.575259010822617,47.67271807860586,40.04307705243128,44.358987357374694,36.69733142316105,69.39017504912348,-13.191800642975466,10.024607214030056,-1.711232282952281,-7.893866854845516,-3.2433620034129547,47.63245779213928,-3.2031309140312323,8.64547515569428,34.47990176880198,50.06823270272829,42.62788889105492,28.80415205343631,66.14449263634742,0.0010156668284153625,-0.0005484362669534448,0.019866183367490464,-0.0006874851207747668,0.002320409363107956,44.424933610473786,0.004393267634257114,0.008737141064281813
D,foreground_present,hd95_2d_px_macro,36.95501550791103,37.8320414557496,38.95051721692119,30.105320712604158,53.13208980873222,39.39499694038364,8.420209414749323,54.56597017879511,42.88782429529343,46.70804416232426,37.91908922377855,54.452846940751876,-17.610954670884084,-5.055782839543831,-7.757526945403072,-7.813768511174391,-1.3207571320196578,47.30675496018865,-7.911758019805006,6.035430634541987,36.95181258721977,37.83254867352388,38.94386709602909,30.085196452196083,53.13050044212141,0.003202920691258271,-0.0005072177742846407,0.006650120892103928,0.02012426040807469,0.0015893666108084403,39.38878505021805,0.0062118901655921375,0.008205396467467178
D,foreground_present,hd95_2d_px_myo,28.036424875955465,30.030001985850987,35.50842017568566,25.80158069197093,43.89382378324278,32.654050302541165,7.239550558953265,51.76523211149792,38.12094960105781,40.802343278671756,34.364181348031195,44.72656164738251,-23.728807235542458,-8.090947615206822,-5.293923102986099,-8.562600656060265,-0.8327378641397303,41.95585359732824,-9.301803294787074,8.630457803976281,28.037033165256258,30.03011496177579,35.50705143039788,25.74046798037581,43.89087108190066,-0.0006082893007928192,-0.00011297592480374874,0.0013687452877775286,0.06111271159511844,0.0029527013421173365,32.64110772394128,0.012942578599883348,0.02696380213707319
D,foreground_present,hd95_2d_px_rv,48.34770421214722,33.398438114936475,38.69537640065551,35.710916877526,49.35563259724334,41.10161364050171,7.328423430949982,64.25996034628155,50.499446232391186,54.96280185092635,42.69575490014341,49.241804125749645,-15.912256134134324,-17.10100811745471,-16.267425450270835,-6.98483802261741,0.11382847149369724,52.33195349109843,-11.230339850596717,7.557641133569517,48.33850282760106,33.39929835606757,38.69666096663446,35.71096932277612,49.35613760811613,0.009201384546159375,-0.0008602411310931757,-0.0012845659789491037,-5.244525011960377e-05,-0.0005050108727857605,41.100313816239066,0.0012998242626423462,0.004440317360316767
