vendor,stratum,metric,tent_seed_2022,tent_seed_2023,tent_seed_2024,tent_seed_2025,tent_seed_2026,tent_mean,tent_std,source_seed_2022,source_seed_2023,source_seed_2024,source_seed_2025,source_seed_2026,tent_minus_source_seed_2022,tent_minus_source_seed_2023,tent_minus_source_seed_2024,tent_minus_source_seed_2025,tent_minus_source_seed_2026,source_mean,tent_minus_source_mean,tent_minus_source_std
B,all_slices,dice_lv,0.6624560514005067,0.7091515641102321,0.7778961522377934,0.7771976914906985,0.7591655805954689,0.7371734079669399,0.05027884230684863,0.6935766789030208,0.7139924011816634,0.7848437553076847,0.8033156305075116,0.77209915344316,-0.031120627502514098,-0.0048408370714313476,-0.006947603069891284,-0.02611793901681314,-0.012933572847691144,0.7535655238686081,-0.016392115901668204,0.011684531168847016
B,all_slices,dice_macro,0.6650264198581148,0.694870331047804,0.727068185608735,0.7331684963258273,0.7236385649618566,0.7087543995604675,0.02853894193597441,0.6589222422922767,0.6740067388890506,0.7000409684670772,0.7290328870092044,0.706194175801951,0.0061041775658381425,0.02086359215875344,0.02702721714165779,0.004135609316622824,0.01744438915990565,0.693639402491912,0.015114997068555569,0.009773883869963801
B,all_slices,dice_myo,0.6873437063135813,0.7139647466740818,0.7277821476284116,0.7576241310437707,0.7037415566016599,0.7180912576523011,0.026575907103701977,0.6649061724727466,0.6585039265274802,0.6684108004615621,0.7134656679240912,0.6642466993102483,0.02243753384083469,0.055460820146601586,0.05937134716684955,0.044158463119679525,0.03949485729141167,0.6739066533392257,0.0441846043130754,0.014600682232730828
B,all_slices,dice_rv,0.6452795018602565,0.661494682359098,0.67552625696,0.6646836664430124,0.7080085576884413,0.6709985330621617,0.02335546772760728,0.6182838755010626,0.6495238889580084,0.6468683496319846,0.6703173625960105,0.6822366746524448,0.026995626359193947,0.011970793401089641,0.02865790732801543,-0.0056336961529981355,0.025771883035996535,0.6534460302679022,0.017552502794259482,0.01456722438773818
B,all_slices,hd95_2d_px_lv,88.79106667312931,78.5998611412924,56.985309596048225,62.56508012204565,62.41169944299287,69.8706033951017,13.315597866811085,78.0439037903624,75.8469344968618,41.00890319936376,41.90935046124179,52.25171394280311,10.7471628827669,2.7529266444305875,15.976406396684467,20.655729660803857,10.159985500189762,57.81216117812657,12.058442216975115,6.730156130692634
B,all_slices,hd95_2d_px_macro,88.40684366670918,75.66333656971983,58.7908682471184,56.74412092556572,61.07340139291883,68.1357141604064,13.551333825453108,87.21273304236324,77.69939637779123,52.594757611674545,46.82778606196008,56.01089952922726,1.1941106243459387,-2.0360598080714,6.196110635443851,9.916334863605634,5.062501863691573,64.06911452460328,4.06659963580312,4.616267052211962
B,all_slices,hd95_2d_px_myo,69.37600808651068,49.40091025707325,43.09265628460403,22.8345250708305,55.5313238993856,48.04708471968081,17.124464786074025,61.01014664461602,59.48719307546664,34.71671521386306,19.32748126300457,45.85039649331954,8.365861441894658,-10.086282818393393,8.375941070740971,3.50704380782593,9.680927406066054,44.07838653805397,3.968698181626844,8.202804596682357
B,all_slices,hd95_2d_px_rv,107.05345624048756,98.98923831079392,76.29463886070295,84.832757583821,65.27718083637804,86.48945436643669,16.850535803581174,122.58414869211127,97.76406156104522,82.05865442179682,79.24652646163388,69.93058815155912,-15.530692451623707,1.225176749748698,-5.764015561093871,5.5862311221871295,-4.653407315181084,90.31679585762927,-3.827341491192567,7.9928844108999675
B,foreground_present,dice_lv,0.6691526636998707,0.7163549851316554,0.7853523512260675,0.7851396496617865,0.7669118276468258,0.7445822954732412,0.0507250303857506,0.6996243784273752,0.7212483621219676,0.7908953402197563,0.8105543793339376,0.7780124150986854,-0.03047171472750454,-0.004893376990312226,-0.005542988993688769,-0.025414729672151082,-0.0111005874518596,0.7600669750403444,-0.015484679567103244,0.011762762041645078
B,foreground_present,dice_macro,0.7046959355756748,0.730546218816242,0.7537101623948144,0.7717270152335356,0.7506388595605963,0.7422636383161726,0.02558265053061513,0.7021216927953854,0.711389375353201,0.7340268469728021,0.7685815878004258,0.7346258817217123,0.002574242780289393,0.01915684346304103,0.019683315422012293,0.0031454274331097487,0.016012977838884,0.7301490769287053,0.012114561387467294,0.00856651137152311
B,foreground_present,dice_myo,0.6873437063135813,0.7139647466740818,0.7277821476284116,0.7576241310437707,0.7037415566016599,0.7180912576523011,0.026575907103701977,0.6649061724727466,0.6585039265274802,0.6684108004615621,0.7134656679240912,0.6642466993102483,0.02243753384083469,0.055460820146601586,0.05937134716684955,0.044158463119679525,0.03949485729141167,0.6739066533392257,0.0441846043130754,0.014600682232730828
B,foreground_present,dice_rv,0.7575914367135721,0.7613189246429891,0.7479959883299641,0.7724172649950494,0.7812631944333032,0.7641173618229755,0.012972910246473431,0.7418345274860342,0.7544158374101552,0.7427744002370877,0.7817247161432488,0.761618530756203,0.01575690922753792,0.006903087232833949,0.005221588092876317,-0.00930745114819942,0.01964466367710016,0.7564736024065458,0.007643759416429785,0.011220560945668609
B,foreground_present,hd95_2d_px_lv,86.01863936198028,75.71682380463749,54.045589637000504,59.508009641619935,59.352964248734324,66.9284053387945,13.417245009769877,75.51065325937589,72.93401833130831,38.42951497908682,38.98391434898213,49.79434932210962,10.507986102604391,2.7828054733291765,15.616074657913686,20.524095292637803,9.558614926624706,55.130490048172554,11.797915290621953,6.683471157074095
B,foreground_present,hd95_2d_px_macro,72.4032969000567,60.95635727591968,46.019205162436315,40.04444002568138,48.22040038576875,53.52873994997257,13.017452950798662,70.37634163864243,61.954022355112365,36.78019891444651,29.461468428724018,42.270761009543136,2.0269552614142725,-0.9976650791926858,9.239006247989806,10.582971596957364,5.949639376225612,48.16855846929369,5.3601814806788735,4.852908630205369
B,foreground_present,hd95_2d_px_myo,69.37600808651068,49.40091025707325,43.09265628460403,22.8345250708305,55.5313238993856,48.04708471968081,17.124464786074025,61.01014664461602,59.48719307546664,34.71671521386306,19.32748126300457,45.85039649331954,8.365861441894658,-10.086282818393393,8.375941070740971,3.50704380782593,9.680927406066054,44.07838653805397,3.968698181626844,8.202804596682357
B,foreground_present,hd95_2d_px_rv,61.81524325167916,57.75133776604829,40.9193695657044,37.79078536459372,29.776913009186327,45.61072979144238,13.636813813871175,74.6082250119354,53.44085565856215,37.19436655038966,30.073009674185347,31.167537213200248,-12.79298176025624,4.310482107486138,3.7250030153147407,7.71777569040837,-1.3906242040139212,45.29679882165456,0.31393096978781754,8.01750303705273
C,all_slices,dice_lv,0.6854560132577082,0.7376469115145758,0.7926103059525383,0.7825657103329939,0.7857849031971834,0.756812768851,0.04539597692066242,0.6394328521630934,0.7243090439167228,0.785302446074918,0.7866859709285962,0.756940090786829,0.046023161094614795,0.013337867597853048,0.007307859877620393,-0.004120260595602221,0.028844812410354415,0.7385340807740318,0.018278688076968086,0.01954406845105689
C,all_slices,dice_macro,0.6510459990197246,0.6788701559486918,0.6983115189322843,0.707804852253573,0.6998910598560338,0.6871847172020615,0.022834106675239257,0.6008255661784921,0.6398808902412713,0.6646334152005942,0.6993305996224993,0.6654223628978373,0.050220432841232454,0.03898926570742056,0.03367810373169011,0.008474252631073709,0.03446869695819654,0.6540185668281389,0.033166150373922676,0.015300373856952407
C,all_slices,dice_myo,0.6592535559032099,0.6860994080342491,0.6843513196004268,0.7095450116701626,0.6697435429923957,0.6817985676400888,0.019029451518984754,0.5881900074624088,0.6346981894660835,0.6193660282945813,0.6810149956272935,0.6100850208680458,0.0710635484408011,0.051401218568165596,0.06498529130584552,0.02853001604286909,0.059658522124349855,0.6266708483436826,0.05512771929640623,0.016530087543228
C,all_slices,dice_rv,0.6084284278982557,0.6128641482972504,0.6179729312438879,0.631303834757562,0.6441447333785224,0.6229428151150957,0.014631940184998794,0.5748538389099742,0.5606354373410074,0.589231771232283,0.6302908323116081,0.6292419770386372,0.03357458898828147,0.05222871095624304,0.02874116001160487,0.0010130024459539255,0.014902756339885248,0.596850771366702,0.02609204374839371,0.019366789475391437
C,all_slices,hd95_2d_px_lv,86.78525485219679,70.64815089974083,49.945699761904244,53.08535342123571,52.814000170319865,62.655691821079486,15.780600305257659,97.359584623906,78.13514971219966,42.49849884896348,54.713004103529315,63.59741290309664,-10.574329771709216,-7.486998812458836,7.447200912940765,-1.6276506822936057,-10.783412732776775,67.26073003833902,-4.605038217259533,7.684916310103846
C,all_slices,hd95_2d_px_macro,84.5641223648316,71.06554073422848,60.26078669810132,52.31994338259972,60.72663214884693,65.78740506572161,12.429312993380885,102.90258741423537,87.96004385640475,65.28118008875138,53.326859104630394,70.21827177904409,-18.338465049403766,-16.894503122176275,-5.020393390650064,-1.0069157220306764,-9.491639630197156,75.93778844861319,-10.150383382891587,7.464609399571816
C,all_slices,hd95_2d_px_myo,63.67950037989865,42.8033801351174,45.11758485356004,18.035875622362926,48.81195771939916,43.68965974206763,16.483118383823758,85.31784930990264,60.971650550245194,56.90139102269184,19.706204367435248,63.629856584756226,-21.638348930003993,-18.168270415127793,-11.7838061691318,-1.6703287450723217,-14.817898865357066,57.305390367006225,-13.615730624938596,7.6253164650982335
C,all_slices,hd95_2d_px_rv,103.22761186239941,99.74509116782723,85.71907547883968,85.83860110420049,80.55393855682178,91.01686363401771,9.869626278572389,126.03032830889751,124.77333130676935,96.4436503945988,85.56136884292663,83.42754584927937,-22.802716446498096,-25.028240138942124,-10.72457491575912,0.27723226127386624,-2.873607292457592,103.24724494049433,-12.230381306476612,11.421651927420259
C,foreground_present,dice_lv,0.696692997081605,0.7484784497865676,0.8030818494296921,0.7928725883081881,0.7974055888738084,0.7677062946959723,0.045220069492104734,0.6486543238883395,0.7349219286215368,0.7943931545225521,0.7970603941594558,0.7643048085424768,0.04803867319326549,0.01355652116503081,0.008688694907139971,-0.004187805851267767,0.03310078033133157,0.7478669219468722,0.019839372749100016,0.020689264296120894
C,foreground_present,dice_macro,0.6881418746720853,0.7070560465930802,0.7277768794540651,0.7372292661260119,0.7296764158316718,0.7179760965353829,0.020080871754424738,0.641248206731655,0.6736427627246915,0.700036954940756,0.7296920061150532,0.692613003889588,0.04689366794043037,0.03341328386838871,0.02773992451330909,0.0075372600109586685,0.037063411942083735,0.6874465868803488,0.030529509655034114,0.014622064134025715
C,foreground_present,dice_myo,0.6608934901218745,0.687806122979608,0.6860536860670946,0.7113100490126255,0.671409571706307,0.6834945839775018,0.019076788463061822,0.5896531666849522,0.6362770406836608,0.620906739807752,0.6827090627805953,0.611602645298066,0.07124032343692233,0.051529082295947215,0.06514694625934259,0.028600986232030223,0.059806926408241035,0.6282297310510052,0.055264852926496674,0.01657120716398232
C,foreground_present,dice_rv,0.7068391368127764,0.6848835670130652,0.6941951028654089,0.7075051610572222,0.7202140869148996,0.7027274109326744,0.013571293873974849,0.6854371296216731,0.6497293188688767,0.6848109704919636,0.7093065614051083,0.7019315578282215,0.0214020071911033,0.03515424814418844,0.009384132373445264,-0.0018014003478861174,0.018282529086678156,0.6862431076431686,0.016484303289505807,0.013790972165787426
C,foreground_present,hd95_2d_px_lv,82.29608758083705,66.34920066119726,45.76212479903946,48.95324819049112,48.222686805064484,58.31666960732588,15.70599237762946,93.49852674149628,73.95893715910626,38.64759834579215,50.607581670855105,60.54715595743965,-11.202439160659225,-7.609736497908997,7.114526453247315,-1.654333480363988,-12.324469152375165,63.45195997493788,-5.135290367612012,8.012373910450824
C,foreground_present,hd95_2d_px_macro,68.12039700747708,57.69801975182883,45.50739989736051,37.93622347359238,46.18179233958745,51.08876649396925,11.853038670690669,86.03142361298573,73.06419951018192,48.348783444362255,38.566530337291134,56.41663788890029,-17.911026605508653,-15.366179758353091,-2.8413835470017474,-0.6303068636987561,-10.234845549312837,60.48551495874426,-9.396748464775017,7.56063417478798
C,foreground_present,hd95_2d_px_myo,62.94083133008462,42.01278043792829,44.33274188452626,17.183665217430647,48.03630473261871,42.90126472051771,16.52412116587307,84.63300699872046,60.22624555558128,56.14586100432755,18.858149009132504,62.89106404291448,-21.69217566863584,-18.213465117652987,-11.813119119801293,-1.6744837917018565,-14.85475931029577,56.55086532213526,-13.64960060161755,7.644284914016386
C,foreground_present,hd95_2d_px_rv,59.124272111509576,64.73207815636093,46.42733300851582,47.671757012855366,42.28638548107917,52.04836515406417,9.447115738861935,79.9627370987404,85.00741581585821,50.25289098296708,46.23386033188579,45.811693666346756,-20.83846498723083,-20.275337659497282,-3.8255579744512644,1.4378966809695726,-3.5253081852675834,61.453719579159646,-9.405354425095478,10.394201741890814
D,all_slices,dice_lv,0.705081600301766,0.7410001712454531,0.7616602840867815,0.770157560080589,0.782234657104884,0.7520268545638947,0.030246823899386637,0.7072537131925781,0.7434015931970189,0.7667413303562369,0.798478805062823,0.7846344376413105,-0.0021721128908120946,-0.0024014219515657853,-0.00508104626945538,-0.028321244982233984,-0.0023997805364264213,0.7601019758899935,-0.008075121326098732,0.011381079417204816
D,all_slices,dice_macro,0.6698910651721433,0.685562694669438,0.6972711509929888,0.7096194726649203,0.710130549545371,0.6944949866089722,0.01707386002669328,0.6577368451846944,0.673712606831754,0.6743221227129843,0.7103333066799548,0.6950291129821234,0.012154219987448811,0.011850087837683931,0.022949028280004447,-0.0007138340150344424,0.015101436563247583,0.6822267988783022,0.012268187730670066,0.008526844940547501
D,all_slices,dice_myo,0.6757555392301947,0.6804808451992479,0.6798325191194459,0.6949406764148409,0.677909992663232,0.6817839145253923,0.007582131896910767,0.6550215046694373,0.65507723905507,0.6376952766550125,0.6679447497765343,0.6412886182123765,0.020734034560757397,0.025403606144177915,0.0421372424644334,0.026995926638306633,0.03662137445085556,0.6514054776736862,0.03037843685170618,0.008752836551180919
D,all_slices,dice_rv,0.628836055984469,0.6352070675636132,0.650320649772739,0.6637601814993308,0.670246998867997,0.6496741907376298,0.01778762907412591,0.610935317692068,0.622658988243173,0.6185297611277033,0.6645763652005069,0.6591642830926836,0.01790073829240102,0.01254807932044022,0.03179088864503565,-0.0008161837011760875,0.01108271577531339,0.635172943071227,0.01450124766640284,0.011838635397131137
D,all_slices,hd95_2d_px_lv,84.08091446173654,69.77512262512232,60.732299358196784,61.88934248764333,60.42338439213628,67.38021266496705,10.091963392696245,84.89211603197829,64.45255321838856,50.545788267317484,48.9337537815351,52.818804497186846,-0.8112015702417494,5.322569406733763,10.1865110908793,12.95558870610823,7.604579894949431,60.32860315928126,7.051609505685795,5.239363803907512
D,all_slices,hd95_2d_px_macro,82.52737266926754,65.16071015954361,56.07684987075842,55.59648187248736,60.03301316940586,63.87888554829256,11.109341249061183,88.33300257586036,64.71422126719332,53.11782875680795,46.75342259171372,54.28899727264229,-5.805629906592827,0.4464888923502883,2.9590211139504703,8.843059280773637,5.744015896763571,61.441494492843525,2.437391055449028,5.571120559989629
D,all_slices,hd95_2d_px_myo,62.48430372050473,36.0561977064073,36.635074714221815,25.544632039979355,52.7348099451013,42.6910036252429,14.725367203806917,67.68825820732908,40.26452801836514,36.58598678830767,23.785151319511264,47.58677925331949,-5.203954486824358,-4.2083303119578375,0.04908792591414368,1.7594807204680905,5.1480306917818055,43.18214071736653,-0.4911370921236312,4.2774265082196665
D,all_slices,hd95_2d_px_rv,101.01689982556135,89.65081014710121,70.86317553985666,79.35547108983936,66.94084517098003,81.56544035466773,13.937662114149415,112.41863348827376,89.42558256482627,72.22171121479872,67.54136267409481,62.461408067420564,-11.401733662712402,0.22522758227493966,-1.3585356749420612,11.814108415744542,4.479437103559462,80.81373960188282,0.751700752784896,8.49572129772336
D,foreground_present,dice_lv,0.7194359706814502,0.7589322752962386,0.7728226385339044,0.7852858798361627,0.7952665909661458,0.7663486710627804,0.02954902961907438,0.7229096919948182,0.7614078152092726,0.771887667712911,0.8120121015153793,0.792802167198141,-0.0034737213133680944,-0.002475539913033953,0.0009349708209934748,-0.026726221679216566,0.0024644237680048198,0.7722038887261045,-0.0058552176633240634,0.011916539434652403
D,foreground_present,dice_macro,0.7014644689715169,0.7072033003172761,0.7095030543287364,0.7409402301720704,0.732485849388334,0.7183193806355868,0.017304439958218763,0.69183576589889,0.692525689929091,0.680326163823882,0.7334873804532983,0.7039861598229691,0.009628703072626976,0.014677610388185047,0.02917689050485439,0.0074528497187721365,0.028499689565364972,0.7004322319856261,0.017887148649960705,0.010337576471594489
D,foreground_present,dice_myo,0.6786215364544731,0.6833753081221349,0.6827230764635389,0.6991270660317978,0.6819937877997576,0.6851681549743405,0.008015278031253655,0.6577625980710604,0.6578186682060042,0.6403319951890789,0.6707636940522965,0.6427421641052221,0.020858938383412684,0.025556639916130663,0.04239108127446001,0.02836337197950123,0.0392516236945355,0.6538838239247324,0.03128433104960802,0.00917694001970808
D,foreground_present,dice_rv,0.7063358997786275,0.6793023175334544,0.6729634479887657,0.7384077446482508,0.720197169399099,0.7034413158696394,0.027492635633360574,0.6948350076307913,0.6583505863719963,0.628758828569656,0.7176863457922189,0.6764141481655441,0.011500892147836228,0.020951731161458098,0.04420461941910969,0.02072139885603186,0.04378302123355482,0.6752089833060413,0.02823233256359814,0.014885397591491772
D,foreground_present,hd95_2d_px_lv,78.21691218006465,62.579152796875576,55.928522330885464,55.78563052578973,55.16485757154514,61.535015081032114,9.803609090655556,78.60793545506061,57.092306556600654,47.65368965328234,43.32060873222171,49.106429943567086,-0.391023274995959,5.486846240274922,8.274832677603122,12.46502179356802,6.058427627978055,55.156194068146476,6.378821012885632,4.673482715645613
D,foreground_present,hd95_2d_px_macro,68.52195461726558,54.04379646929839,47.41078581756859,41.00519233544338,48.047001134544956,51.80574607482417,10.422767121412388,73.77225286966608,54.23120414159076,45.87911271061362,34.255728626835186,46.43974254343588,-5.250298252400498,-0.1874076722923661,1.531673106954969,6.7494637086081966,1.6072585911090798,50.91560817842831,0.8901378963958763,4.304752868657954
D,foreground_present,hd95_2d_px_myo,61.12276599156733,34.53545451955366,35.11781873825862,23.5260788691049,50.88005302666732,41.03643422903036,14.868278700385885,66.3580696018063,38.76913621893293,35.0684351019474,22.190486166471505,46.5699847003691,-5.235303610238979,-4.233681699379268,0.04938363631121945,1.3355927026333951,4.310068326298222,41.79122235790545,-0.7547881288750823,3.9638010360577045
D,foreground_present,hd95_2d_px_rv,66.22618568016473,65.01678209146593,51.18601638356168,43.70386761143553,38.09609280542242,52.84578891441006,12.560366214768402,76.35075355213128,66.8321696492387,54.915213376611135,37.25609098181235,43.64281298637146,-10.124567871966548,-1.815387557772766,-3.729196993049456,6.447776629623178,-5.546720180949038,55.79940810923298,-2.953619194822926,6.091592839378558
