vendor,metric,source_seed_2022,source_seed_2023,source_seed_2024,source_seed_2025,source_seed_2026,sar_minus_source_seed_2022,sar_minus_source_seed_2023,sar_minus_source_seed_2024,sar_minus_source_seed_2025,sar_minus_source_seed_2026,source_mean,sar_minus_source_mean,sar_minus_source_std,tent_seed_2022,tent_seed_2023,tent_seed_2024,tent_seed_2025,tent_seed_2026,sar_minus_tent_seed_2022,sar_minus_tent_seed_2023,sar_minus_tent_seed_2024,sar_minus_tent_seed_2025,sar_minus_tent_seed_2026,tent_mean,sar_minus_tent_mean,sar_minus_tent_std,sar_seed_2022,sar_seed_2023,sar_seed_2024,sar_seed_2025,sar_seed_2026,sar_mean,sar_std
B,dice_lv,0.7252450593027886,0.7394181245463203,0.8240519693251214,0.8322953014624344,0.804899069401949,-0.04571510182437988,-0.024277056250188722,-0.0373420518720019,-0.04892137187045731,-0.033071262726662276,0.7851819048077228,-0.03786536890873802,0.009896376408172123,0.67954570093389,0.7151928709848441,0.7867536325545991,0.7834244671375519,0.7718743472235602,-1.5743455481276314e-05,-5.180268871252114e-05,-4.3715101479602225e-05,-5.0537545574824705e-05,-4.654054827346599e-05,0.7473582037668891,-4.166786790433807e-05,1.4844149635165043e-05,0.6795299574784087,0.7151410682961316,0.7867099174531195,0.783373929591977,0.7718278066752867,0.7473165358989847,0.04765253790382375
B,dice_macro,0.7227219823655793,0.7297713122916762,0.7606930148423939,0.783033321108587,0.7645513417966803,-0.0024785339558949238,0.005023525315553834,0.004621925629408441,-0.011689005822056009,-0.0031947210576694918,0.7521541944809833,-0.00154336197813163,0.006849642371266205,0.7202669633337037,0.7348269575908657,0.7653447093079653,0.7713798347841049,0.7613894037636688,-2.351492401930777e-05,-3.2119983635614524e-05,-2.9768836162902268e-05,-3.5519497573854864e-05,-3.2783024658034066e-05,0.7506415737560617,-3.07412532099427e-05,4.529535735563028e-06,0.7202434484096844,0.7347948376072301,0.7653149404718024,0.771344315286531,0.7613566207390108,0.7506108325028518,0.02198797270964483
B,dice_myo,0.6934413374681028,0.679775508901106,0.6966485136976687,0.7380833225831865,0.6930955459041174,0.01547037678289176,0.040490527393964526,0.04449190843507034,0.025836750545648712,0.02251328249160922,0.7002088457108362,0.029760569129836913,0.012290987300526144,0.708925250257403,0.7202946533328861,0.7411585882719589,0.7639488717423393,0.7156428065466954,-1.353600640852104e-05,-2.861703781553704e-05,-1.8166139219899513e-05,-2.8798613504021908e-05,-3.3978150968838605e-05,0.7299940340302566,-2.461918958336362e-05,8.448658788402342e-06,0.7089117142509945,0.7202660362950706,0.741140422132739,0.7639200731288353,0.7156088283957266,0.7299694148406732,0.022479142301729024
B,dice_rv,0.7494795503258471,0.7701203034276022,0.7613785615043916,0.7787213392801396,0.7956594100839742,0.022809123173802015,-0.001142895197114635,0.006715920325157332,-0.01198239614135932,0.0009738170620443576,0.771071832924391,0.00347471384450595,0.012755624746125785,0.7723299388098182,0.7689933484548671,0.7681219070973375,0.7667661654724236,0.796651057520751,-4.1265310169014136e-05,-1.594022437956255e-05,-2.7425267788538932e-05,-2.722233364327309e-05,-1.783037473246374e-05,0.7745724834710395,-2.593670214257049e-05,1.00558069270008e-05,0.7722886734996491,0.7689774082304875,0.768094481829549,0.7667389431387803,0.7966332271460186,0.774546546768897,0.01251521636117095
B,hd95_px_lv,86.74456560687204,85.5587487802356,44.15922632778967,40.84818789099094,61.06120689982632,9.160325639597133,9.508681867150983,26.355183137117237,33.58825301925248,17.225781587937917,63.67438710114292,19.16764505021115,10.686761474031545,95.90267080124681,95.06440781867379,70.51020489310964,74.40520214862153,78.28284091451917,0.0022204452223633098,0.003022828712801129,0.0042045717972598595,0.031238761621892763,0.0041475732450635405,82.8330653152342,0.00896683611987612,0.012477861754922154,95.90489124646918,95.06743064738659,70.5144094649069,74.43644091024342,78.28698848776423,82.84203215135406,11.868775464584356
B,hd95_px_macro,70.55286035592734,65.9357734188304,34.5278900978915,23.021406684291378,38.07725760850244,2.3956339894485836,4.471773993842859,18.899475450278644,21.4117167458747,17.679165475796495,46.42303763308861,12.971553131048257,8.840737383375076,72.94575759557935,70.40103440933794,53.42266916308178,44.369884409901815,55.75198915374772,0.0027367497965684606,0.006513003335314238,0.004696385088365673,0.06323902026426254,0.004433930551215326,59.378266946329724,0.016323817807145247,0.02626053755116935,72.94849434537592,70.40754741267325,53.427365548170144,44.43312343016608,55.75642308429894,59.394590764136865,12.017519108183562
B,hd95_px_myo,55.89585836262366,61.09815593709347,29.506180289995,5.962294849456688,41.45736637079019,13.231584048941478,-6.265337869246302,16.729246489047597,7.486429011212623,22.38002136396078,38.7839711619918,10.712388608783234,10.923971235483098,69.12792202512261,54.82245963389267,46.229468048061,13.44622824283985,63.82954297798226,-0.00047961355747361267,0.010358433954500867,0.005958730981596716,0.002495617829461949,0.007844756768712102,49.49112418557968,0.005235585195359604,0.0042937516662863995,69.12744241156514,54.83281806784717,46.2354267790426,13.448723860669311,63.83738773475097,49.496359770775044,21.963538049194018
B,hd95_px_rv,69.01815709828631,51.150415539162076,29.918263675889833,22.253737312426523,11.713199554890808,-15.205007720192874,10.171977983623911,13.613996724671125,23.160468207158985,13.431693475490794,36.81075463613111,9.034625734150389,14.393554712989705,53.80667996036866,61.316235775447396,43.52833454807468,45.2582228382441,25.143583568741796,0.006469417724773052,0.00615774733859098,0.003925852486275971,0.15598268134140625,0.0013094616398063863,45.81061133817533,0.03476903210617053,0.06779208496566681,53.813149378093435,61.32239352278599,43.53226040056096,45.41420551958551,25.144893030381603,45.8453803702815,13.574515561707846
C,dice_lv,0.6654971690567646,0.7445734166475869,0.8268730665438013,0.817379545088758,0.7912146495698874,0.034091955800461426,0.00204910732374064,-0.022985619820726666,-0.02228444830022447,0.011183389617600126,0.7691075693813596,0.0004108769241702115,0.024060443417662482,0.699602086953381,0.7466560963240895,0.8038968371541177,0.7951084635378866,0.8024130498793981,-1.296209615497812e-05,-3.3572352761912505e-05,-9.390431043088121e-06,-1.336674935303872e-05,-1.5010691910566365e-05,0.7695353067697746,-1.6860464244716767e-05,9.56443397489139e-06,0.699589124857226,0.7466225239713276,0.8038874467230747,0.7950950967885335,0.8023980391874875,0.7695184463055298,0.04563659202183112
C,dice_macro,0.6606619283228296,0.6906160349916658,0.7263139414388655,0.7531218590936395,0.7251629525113341,0.03979369412796152,0.027350079155674112,0.013053796104136928,-0.004625989691996457,0.019645650196325026,0.7111753432716669,0.019043445978420226,0.01655335082016293,0.7004652616177739,0.7179800616850155,0.7393815091477879,0.7485026032431686,0.7448172897395228,-9.63916698282219e-06,-1.3947537675584876e-05,-1.3771604785439706e-05,-6.733841525607964e-06,-8.687031863630068e-06,0.7302293450866537,-1.055583656661696e-05,3.1931630825492753e-06,0.7004556224507911,0.7179661141473399,0.7393677375430024,0.748495869401643,0.7448086027076591,0.7302187892500871,0.020411955538089603
C,dice_myo,0.6206423154320989,0.657952120998248,0.6489785285701024,0.7090948383869292,0.6446736935601695,0.06632231628537766,0.04344246748530678,0.05060622189870123,0.018541225024509944,0.04386747387248746,0.6562682993895096,0.044555940913276616,0.017239926403236867,0.6869596971934651,0.7014096482002563,0.6996060504561552,0.7276460300460919,0.6885369725922803,4.934524011512842e-06,-1.5059716701570913e-05,-2.129998735156402e-05,-9.966634652691653e-06,4.19484037661455e-06,0.7008316796976498,-7.439394863539839e-06,1.1673062665125132e-05,0.6869646317174766,0.7013945884835547,0.6995847504688036,0.7276360634114392,0.6885411674326569,0.7008242403027862,0.016307192583155165
C,dice_rv,0.6958463004796251,0.6693225673291627,0.7030902292026927,0.7328911938052312,0.7396005144039457,0.0189668102980457,0.036558662657974694,0.011540786234436218,-0.01013474580027418,0.0038860870988869367,0.7081501610441314,0.012163520097813874,0.01737472370037362,0.714834000706476,0.7058744405307005,0.7146416398330904,0.7227533161455278,0.74350184674689,-2.0889928805112312e-05,6.789456436950836e-06,-1.0624395961444932e-05,3.131859429128525e-06,-1.5245244057382479e-05,0.720321048792537,-7.367650591572072e-06,1.189725039024771e-05,0.7148131107776708,0.7058812299871374,0.7146310154371289,0.722756448004957,0.7434866015028326,0.7203136811419453,0.01426355459010832
C,hd95_px_lv,97.40622696627025,78.81356115630717,37.936709929112304,52.46390708058676,65.47653820633609,-3.9381308276358453,2.3981858287588125,22.3154675612831,13.98734976776499,0.368923605327069,66.41938866772252,7.026359187099625,10.818660998307276,93.46700819723233,81.20463778985307,60.25010932801206,66.44852348249847,65.84100370886114,0.0010879414020763534,0.007109195212919417,0.0020681623833453955,0.0027333658532739946,0.004458102802018971,73.44225650129141,0.003491353530726826,0.00236642086346942,93.46809613863441,81.21174698506599,60.252177490395404,66.45125684835175,65.84546181166316,73.44574785482214,13.619496362088249
C,hd95_px_macro,81.85350463526089,74.16895272937403,44.12446926490875,28.99203199262508,49.11491155626524,-14.711743186567546,-10.080882582774478,7.441019059258345,11.602918546160048,-2.4794650989165135,55.6507740356868,-1.645630652568029,11.187753467717066,67.13894829176769,64.08247689304282,51.56184078168556,40.57877724491683,46.62367582895036,0.0028131569256544253,0.005593253556725131,0.0036475424815307633,0.0161732938682988,0.011770628398366512,53.99714380807266,0.007999575046115126,0.005758906715761942,67.14176144869334,64.08807014659955,51.56548832416709,40.59495053878513,46.63544645734873,54.005143383118764,11.33946392058601
C,hd95_px_myo,83.81345178238024,62.39406638710775,52.631352841225606,10.70278598152749,55.84613363618324,-23.925360310427536,-14.055009574129485,-1.3709889058047509,3.731959850690645,-10.763790647953876,53.07755812568487,-9.276637917525,10.855326214217675,59.882036969672235,48.32937511603136,51.253006718627304,14.383993957480882,45.052934526346625,0.006054502280470331,0.009681696946906015,0.007357216793550947,0.05075187473725329,0.02940846188273838,43.78026945763168,0.02065075052818379,0.019318798004477184,59.888091471952706,48.339056812978264,51.260363935420855,14.434745832218136,45.082342988229364,43.800920208159866,17.313645670787146
C,hd95_px_rv,64.34083515713219,81.29923064470714,41.80534502438837,23.809402915761012,26.02206282627641,-16.271738421639284,-18.585824002952734,1.3785785222966354,17.089446020024504,2.9564717458772094,47.45537531365302,-2.686613227278734,14.805431783332764,48.06779970839849,62.71341777324405,43.18240629841733,40.90381429477111,28.977089251643303,0.0012970270944165918,-1.1131489650040294e-05,0.0015172482676817367,-0.004965358985593582,0.0014453205103173161,44.76890546529486,-0.00014337892056559554,0.00276701098473343,48.069096735492906,62.7134066417544,43.18392354668501,40.898848935785516,28.97853457215362,44.76876208637429,12.244608027167937
D,dice_lv,0.7454857273643772,0.7834262850673792,0.8142237475902726,0.8390463455476851,0.822113152590586,-0.01354320931290609,-0.019913590569688888,-0.032126901393561225,-0.05068256693585971,-0.02125203967120748,0.8008590516320601,-0.02750366157664468,0.014579284805876683,0.7319546960428718,0.7635277295612911,0.782111442565926,0.7883666700161654,0.800881096620753,-1.2177991400630361e-05,-1.5035063600787879e-05,-1.4596369214636695e-05,-2.8914043400662948e-06,-1.9983701374459706e-05,0.7733683269614015,-1.2936905986116188e-05,6.290895474748611e-06,0.7319425180514711,0.7635126944976903,0.7820968461967114,0.7883637786118254,0.8008611129193786,0.7733553900554153,0.02678681670270217
D,dice_macro,0.7393884888521367,0.7436874865598773,0.7447001631641953,0.7834219237292889,0.7611112405295521,-0.00012573348095468173,0.002187948762813363,0.0034586242142967683,-0.015264585659602536,0.0017002622315084315,0.75446186056701,-0.0016086967863877311,0.007741510679693205,0.7392670210169004,0.7458937561906968,0.748172647027218,0.7681578983692983,0.7628092784800995,-4.2656457184264696e-06,-1.8320868006127533e-05,-1.3859648725911278e-05,-5.602996119291603e-07,2.2242809610828473e-06,0.7528601202168426,-6.956436220262319e-06,8.79262670814029e-06,0.739262755371182,0.7458754353226906,0.7481587873784921,0.7681573380696863,0.7628115027610606,0.7528531637806223,0.012132717450063042
D,dice_myo,0.7118630413806943,0.7084104371971955,0.6986077865445891,0.7244954064545688,0.6973862575892988,0.00975399790577025,0.007570380387094788,0.01790187625924422,0.006549756657214245,0.013420386735451761,0.7081525858332693,0.011039279588955054,0.004653115384733796,0.7216316772979005,0.716010797188304,0.7165162780576818,0.7310429063459039,0.7107998083602155,-1.4638011435863518e-05,-2.99796040136302e-05,-6.615253848485381e-06,2.256765879171674e-06,6.835964535101269e-06,0.7192002934500011,-8.428027776741232e-06,1.4607145181566031e-05,0.7216170392864646,0.7159808175842903,0.7165096628038333,0.731045163111783,0.7108066443247506,0.7191918654222244,0.0076517825757501465
D,dice_rv,0.760816697811339,0.7392257374150567,0.7212689553577246,0.7867240191856131,0.7638343114087717,0.0034120109642711283,0.018907056471034744,0.024600897777206532,-0.001660946700162258,0.012932439630281012,0.754373944235701,0.011638291628526231,0.010806020928657,0.764214689709929,0.7581427418224951,0.7458902204580465,0.7850641187458255,0.7767469304593299,1.4019065681103449e-05,-9.947936403631452e-06,-2.0367323115388913e-05,-1.0462603746708155e-06,1.9820579722829024e-05,0.7660117402391252,4.956251020482583e-07,1.6606062991119912e-05,0.7642287087756101,0.7581327938860914,0.7458698531349311,0.7850630724854508,0.7767667510390527,0.7660122358642273,0.015407596579205573
D,hd95_px_lv,93.21564297111962,76.13973705731023,43.36071168319921,47.06720546792125,57.93272563683402,5.494788667648905,12.003285532202284,29.536087993998322,30.68412046069418,17.504179422258815,63.543204563276866,19.0444924153605,10.966997640173828,98.70822438339363,88.13833702299661,72.89465685936548,77.75309208940064,75.68246414518235,0.002207255374898409,0.004685566515902906,0.0021428178320519464,-0.001766160785209081,-0.24555908608951427,82.63535490006774,-0.04765792143037402,0.11065420788185655,98.71043163876853,88.14302258951251,72.89679967719754,77.75132592861543,75.43690505909284,82.58769697863737,10.7149663564685
D,hd95_px_macro,73.64967805131064,48.04075657433401,28.235521669832593,23.862592326243686,31.829962168639085,-2.3107258361171006,5.446282295640202,16.87720528495081,22.103834510900526,21.143465228502116,41.123702158072,12.652012296775311,10.66653703327914,71.33863160803696,53.49209776187098,45.112666844122394,45.96406415328602,53.05483430391479,0.00032060715658133176,-0.005058891896766227,6.01106610105262e-05,0.002362683858194714,-0.0814069067735872,53.79245893424623,-0.01674447939891337,0.03625078476122174,71.33895221519354,53.487038869974214,45.112726954783405,45.96642683714421,52.9734273971412,53.77571445484732,10.550197205088049
D,hd95_px_myo,64.05994739960389,26.00114446573748,16.71428086989782,4.608713687422796,30.064312790324053,0.7089653466302792,-0.11665687717659168,15.187360633990313,15.061709477123934,27.644274485828213,28.289679842597206,11.69713061327923,11.598694377139187,64.77061086378463,25.904674169466734,31.90340513105363,19.672048516995503,57.70617957870827,-0.0016981175504611201,-0.020186580905846796,-0.0017636271654986047,-0.001625352448773043,0.002407697443992163,39.99138365200175,-0.00457319612531748,0.008907303130350567,64.76891274623416,25.884487588560887,31.901641503888133,19.67042316454673,57.708587276152265,39.98681045587644,20.032567405383475
D,hd95_px_rv,63.673443783208484,41.98138819995431,24.631572456400757,19.911857823387013,7.492848078759182,-13.135931522630571,4.452218231894932,5.908167226863789,20.565673594883453,18.281941777419302,31.538222068341952,7.214413861686181,13.455657479830107,50.537059576932634,46.43328209314963,30.53993854194807,40.467051853461925,25.77585918785374,0.00045268364527828453,0.0003243386996132358,-0.00019885868352531588,0.010479564808541397,-0.0010693316752572457,38.7506382506692,0.001997679358930071,0.0047791421184516505,50.53751226057791,46.43360643184924,30.539739683264546,40.477531418270466,25.774789856178483,38.75263593002813,10.449067373433326
